1.5, 61.5, 7.85, 0.3885
1.5277, 60.9, 7.9, 0.39746
1.5549, 60.95, 7.9, 0.35544
1.5742, 61, 7.9, 0.32906
1.5895, 61.05, 7.9, 0.30924
1.6025, 61.1, 7.9, 0.29336
1.6139, 61.15, 7.9, 0.28074
1.6239, 61.2, 7.9, 0.27008
1.6333, 61.25, 7.9, 0.26008
1.6416, 61.3, 7.9, 0.25206
1.6489, 61.35, 7.9, 0.24534
1.6562, 61.4, 7.9, 0.23798
1.6628, 61.45, 7.9, 0.23192
1.7128, 60.8, 7.95, 0.24334
1.72, 60.85, 7.95, 0.2365
1.7633, 61.25, 7.95, 0.23095
1.8133, 60.55, 8, 0.25121
1.8161, 60.6, 8, 0.24332
1.821, 60.65, 8, 0.23643
1.8258, 60.7, 8, 0.23056
1.8758, 61.45, 8, 0.32822
1.8762, 61.5, 8, 0.31915
1.9262, 60.15, 8.05, 0.3576
1.9356, 60.85, 8.05, 0.35098
1.9379, 60.9, 8.05, 0.34038
1.9402, 60.95, 8.05, 0.3308
1.9425, 61, 8.05, 0.32157
1.9447, 61.05, 8.05, 0.31338
1.9469, 61.1, 8.05, 0.30586
1.9488, 61.15, 8.05, 0.29806
1.9507, 61.2, 8.05, 0.29063
1.9525, 61.25, 8.05, 0.28353
1.9543, 61.3, 8.05, 0.2771
1.9558, 61.35, 8.05, 0.27072
1.9575, 61.4, 8.05, 0.265
1.959, 61.45, 8.05, 0.25898
1.9604, 61.5, 8.05, 0.25333
2.0104, 60.5, 8.1, 0.2737
2.0217, 60.85, 8.1, 0.26986
2.0236, 60.9, 8.1, 0.26408
2.0251, 60.95, 8.1, 0.2583
2.0266, 61, 8.1, 0.25322
2.0281, 61.05, 8.1, 0.24812
2.0293, 61.1, 8.1, 0.24242
2.0307, 61.15, 8.1, 0.23738
2.0318, 61.2, 8.1, 0.23236
2.0329, 61.25, 8.1, 0.22802
2.0343, 61.3, 8.1, 0.223
2.035, 61.35, 8.1, 0.21934
2.036, 61.4, 8.1, 0.21504
2.037, 61.45, 8.1, 0.21076
2.0377, 61.5, 8.1, 0.20648
2.0877, 60.35, 8.15, 0.24853
2.0882, 60.4, 8.15, 0.24343
2.0902, 60.45, 8.15, 0.23836
2.0918, 60.5, 8.15, 0.23363
2.1015, 60.85, 8.15, 0.23154
2.1026, 60.9, 8.15, 0.22684
2.1033, 60.95, 8.15, 0.2218
2.1044, 61, 8.15, 0.21813
2.1055, 61.05, 8.15, 0.21411
2.1062, 61.1, 8.15, 0.21012
2.1069, 61.15, 8.15, 0.20616
2.1076, 61.2, 8.15, 0.20186
2.1082, 61.25, 8.15, 0.19856
2.1089, 61.3, 8.15, 0.19462
2.1095, 61.35, 8.15, 0.19132
2.1101, 61.4, 8.15, 0.18807
2.1103, 61.45, 8.15, 0.18387
2.1109, 61.5, 8.15, 0.18125
2.1609, 60.15, 8.2, 0.2223
2.162, 60.2, 8.2, 0.2189
2.1636, 60.25, 8.2, 0.2145
2.1649, 60.3, 8.2, 0.21112
2.1664, 60.35, 8.2, 0.20677
2.1677, 60.4, 8.2, 0.20278
2.1688, 60.45, 8.2, 0.1991
2.17, 60.5, 8.2, 0.19577
2.176, 60.85, 8.2, 0.19508
2.1767, 60.9, 8.2, 0.19212
2.1774, 60.95, 8.2, 0.18848
2.1781, 61, 8.2, 0.18554
2.1784, 61.05, 8.2, 0.1819
2.179, 61.1, 8.2, 0.17896
2.1793, 61.15, 8.2, 0.176
2.1795, 61.2, 8.2, 0.1731
2.1801, 61.25, 8.2, 0.17018
2.1803, 61.3, 8.2, 0.16728
2.1804, 61.4, 8.2, 0.16084
2.1805, 61.45, 8.2, 0.1586
2.1807, 61.5, 8.2, 0.15572
2.2307, 59.85, 8.25, 0.2153
2.2318, 59.9, 8.25, 0.21123
2.2331, 59.95, 8.25, 0.20751
2.2344, 60, 8.25, 0.20381
2.2356, 60.05, 8.25, 0.20043
2.2369, 60.1, 8.25, 0.19708
2.2377, 60.15, 8.25, 0.19438
2.2389, 60.2, 8.25, 0.19006
2.2398, 60.25, 8.25, 0.18741
2.2409, 60.3, 8.25, 0.1841
2.2417, 60.35, 8.25, 0.18046
2.2425, 60.4, 8.25, 0.17718
2.2433, 60.45, 8.25, 0.17455
2.244, 60.5, 8.25, 0.17192
2.2477, 60.9, 8.25, 0.16834
2.2479, 61.5, 8.25, 0.1377
2.2979, 61.4, 8.25, 0.14274
2.2981, 61.35, 8.25, 0.14492
2.2983, 61.3, 8.25, 0.14716
2.2985, 61.25, 8.25, 0.15002
2.2987, 59.5, 8.3, 0.21778
2.2991, 59.55, 8.3, 0.21368
2.3004, 59.6, 8.3, 0.20992
2.3017, 59.65, 8.3, 0.20619
2.3027, 59.7, 8.3, 0.20279
2.3039, 59.75, 8.3, 0.19941
2.3052, 59.8, 8.3, 0.19571
2.3061, 59.85, 8.3, 0.19268
2.3073, 59.9, 8.3, 0.189
2.3082, 59.95, 8.3, 0.18599
2.309, 60, 8.3, 0.18299
2.3098, 60.05, 8.3, 0.17968
2.3106, 60.1, 8.3, 0.17672
2.3114, 60.15, 8.3, 0.17374
2.3118, 60.2, 8.3, 0.1708
2.3126, 60.25, 8.3, 0.16818
2.3129, 61.5, 8.3, 0.13266
2.3132, 61.45, 8.3, 0.13116
2.3139, 61.4, 8.3, 0.12968
2.3639, 61.35, 8.3, 0.13079
2.3642, 61.3, 8.3, 0.13268
2.3645, 61.25, 8.3, 0.13485
2.3648, 61.2, 8.3, 0.13772
2.3651, 61.15, 8.3, 0.13926
2.3653, 61.1, 8.3, 0.14211
2.3655, 61.05, 8.3, 0.14464
2.3658, 61, 8.3, 0.1475
2.366, 60.95, 8.3, 0.15007
2.3661, 59.2, 8.35, 0.20862
2.3667, 59.25, 8.35, 0.20586
2.3681, 59.3, 8.35, 0.20245
2.3694, 59.35, 8.35, 0.19835
2.3707, 59.4, 8.35, 0.1946
2.3717, 59.45, 8.35, 0.19224
2.373, 59.5, 8.35, 0.18883
2.3739, 59.55, 8.35, 0.18549
2.3748, 59.6, 8.35, 0.18281
2.3757, 59.65, 8.35, 0.18015
2.3762, 61.5, 8.35, 0.13782
2.377, 61.45, 8.35, 0.136
2.3781, 61.35, 8.35, 0.13496
2.3788, 61.3, 8.35, 0.13312
2.3792, 61.25, 8.35, 0.1326
2.3802, 61.15, 8.35, 0.13022
2.3809, 61.1, 8.35, 0.12776
2.4309, 61.05, 8.35, 0.12782
2.4312, 61, 8.35, 0.13002
2.4318, 60.95, 8.35, 0.13222
2.4321, 60.9, 8.35, 0.1344
2.4323, 60.5, 8.35, 0.13529
2.4334, 58.9, 8.4, 0.20836
2.4341, 58.95, 8.4, 0.20525
2.4355, 59, 8.4, 0.20215
2.4365, 59.05, 8.4, 0.19838
2.4378, 59.1, 8.4, 0.19531
2.4379, 61.5, 8.4, 0.14543
2.4388, 61.45, 8.4, 0.14428
2.4399, 61.4, 8.4, 0.14312
2.4407, 61.35, 8.4, 0.142
2.4415, 61.3, 8.4, 0.14114
2.4423, 61.25, 8.4, 0.14031
2.4431, 61.2, 8.4, 0.13848
2.4438, 61.15, 8.4, 0.138
2.4442, 61.1, 8.4, 0.13681
2.4449, 61.05, 8.4, 0.13596
2.446, 60.95, 8.4, 0.13325
2.4467, 60.9, 8.4, 0.13174
2.4473, 60.85, 8.4, 0.1309
2.4476, 60.8, 8.4, 0.13004
2.4479, 60.75, 8.4, 0.12883
2.4979, 60.7, 8.4, 0.13135
2.4985, 60.65, 8.4, 0.13323
2.4988, 60.3, 8.4, 0.13349
2.5001, 60.25, 8.4, 0.13475
2.5002, 61.45, 8.45, 0.14976
2.5008, 61.4, 8.45, 0.14798
2.5017, 61.35, 8.45, 0.14746
2.5029, 61.3, 8.45, 0.1457
2.5037, 61.25, 8.45, 0.1452
2.5046, 61.2, 8.45, 0.1447
2.5057, 61.15, 8.45, 0.14222
2.5065, 61.1, 8.45, 0.14172
2.5073, 61.05, 8.45, 0.14058
2.5081, 61, 8.45, 0.13938
2.5089, 60.95, 8.45, 0.13822
2.5096, 60.9, 8.45, 0.13706
2.5104, 60.85, 8.45, 0.13586
2.5111, 60.8, 8.45, 0.134
2.5122, 60.7, 8.45, 0.13228
2.5128, 60.65, 8.45, 0.13044
2.5131, 60.6, 8.45, 0.1299
2.5138, 60.55, 8.45, 0.1287
2.5638, 60, 8.45, 0.13057
2.5667, 61.15, 8.5, 0.14868
2.5675, 61.1, 8.5, 0.14692
2.5684, 61.05, 8.5, 0.14638
2.5692, 61, 8.5, 0.14588
2.5704, 60.95, 8.5, 0.14338
2.5712, 60.9, 8.5, 0.14288
2.5721, 60.85, 8.5, 0.1417
2.5729, 60.8, 8.5, 0.1412
2.5736, 60.75, 8.5, 0.14004
2.5744, 60.7, 8.5, 0.13952
2.5752, 60.65, 8.5, 0.1383
2.5759, 60.6, 8.5, 0.13716
2.5766, 60.55, 8.5, 0.13528
2.5823, 59.85, 8.5, 0.13391
2.5824, 59.8, 8.5, 0.1327
2.5825, 59.75, 8.5, 0.13184
2.5826, 59.7, 8.5, 0.13045
2.6327, 59.6, 8.5, 0.13423
2.6328, 60.85, 8.55, 0.1489
2.6339, 60.8, 8.55, 0.14741
2.6348, 60.75, 8.55, 0.14692
2.6359, 60.7, 8.55, 0.14541
2.6368, 60.65, 8.55, 0.14424
2.6376, 60.6, 8.55, 0.14338
2.6384, 60.55, 8.55, 0.1422
2.6469, 59.85, 8.55, 0.14122
2.6471, 59.8, 8.55, 0.14003
2.6476, 59.75, 8.55, 0.13916
2.6478, 59.7, 8.55, 0.13727
2.648, 59.65, 8.55, 0.13641
2.6481, 59.6, 8.55, 0.13519
2.6483, 59.55, 8.55, 0.13397
2.6484, 59.5, 8.55, 0.13309
2.6485, 59.45, 8.55, 0.13186
2.6985, 59.4, 8.55, 0.13189
2.6986, 59.3, 8.55, 0.13674
2.6987, 60.6, 8.6, 0.14736
2.6991, 60.55, 8.6, 0.14684
2.7097, 59.9, 8.6, 0.14571
2.71, 59.85, 8.6, 0.14522
2.7107, 59.8, 8.6, 0.14367
2.7113, 59.75, 8.6, 0.14246
2.7116, 59.7, 8.6, 0.14195
2.7121, 59.65, 8.6, 0.14075
2.7124, 59.6, 8.6, 0.13988
2.7126, 59.55, 8.6, 0.13867
2.7131, 59.5, 8.6, 0.13714
2.7133, 59.45, 8.6, 0.13661
2.7135, 59.4, 8.6, 0.13536
2.7136, 59.35, 8.6, 0.1345
2.714, 59.15, 8.6, 0.12991
2.764, 59.2, 8.6, 0.1301
2.7643, 60.55, 8.65, 0.15228
2.7713, 59.9, 8.65, 0.15217
2.7721, 59.85, 8.65, 0.15133
2.7728, 59.8, 8.65, 0.15015
2.7735, 59.75, 8.65, 0.14896
2.7742, 59.7, 8.65, 0.14776
2.7748, 59.65, 8.65, 0.14691
2.7755, 59.6, 8.65, 0.1464
2.7758, 59.55, 8.65, 0.14486
2.7764, 59.5, 8.65, 0.14366
2.777, 59.45, 8.65, 0.14279
2.7772, 59.4, 8.65, 0.14157
2.7778, 59.35, 8.65, 0.14106
2.778, 59.3, 8.65, 0.13949
2.7782, 59.25, 8.65, 0.13827
2.7787, 59.2, 8.65, 0.13738
2.7789, 59.15, 8.65, 0.13617
2.779, 59.1, 8.65, 0.13527
2.7791, 59.05, 8.65, 0.13368
2.7792, 59, 8.65, 0.1328
2.7793, 58.95, 8.65, 0.1319
2.7794, 58.9, 8.65, 0.1303
2.8294, 58.75, 8.65, 0.13633
2.8295, 60.55, 8.7, 0.15676
2.8325, 59.9, 8.7, 0.15595
2.8333, 59.85, 8.7, 0.15478
2.8341, 59.8, 8.7, 0.15431
2.8349, 59.75, 8.7, 0.15313
2.8356, 59.7, 8.7, 0.15192
2.8364, 59.65, 8.7, 0.15142
2.8375, 59.6, 8.7, 0.14987
2.8378, 59.55, 8.7, 0.14936
2.8385, 59.5, 8.7, 0.14782
2.8392, 59.45, 8.7, 0.14661
2.8399, 59.4, 8.7, 0.14541
2.8405, 59.35, 8.7, 0.1449
2.8411, 59.3, 8.7, 0.143
2.8414, 59.25, 8.7, 0.14212
2.842, 59.2, 8.7, 0.14126
2.8422, 59.15, 8.7, 0.14037
2.8428, 59.1, 8.7, 0.13914
2.843, 59.05, 8.7, 0.13861
2.8435, 59, 8.7, 0.13668
2.8437, 58.95, 8.7, 0.13614
2.8439, 58.85, 8.7, 0.13401
2.8444, 58.8, 8.7, 0.13206
2.8445, 58.75, 8.7, 0.13116
2.8446, 58.65, 8.7, 0.12866
2.8946, 58.6, 8.7, 0.13048
2.8947, 59.8, 8.75, 0.15812
2.8955, 59.75, 8.75, 0.15764
2.8963, 59.7, 8.75, 0.15716
2.8975, 59.65, 8.75, 0.15526
2.8983, 59.6, 8.75, 0.15443
2.8991, 59.55, 8.75, 0.15392
2.8999, 59.5, 8.75, 0.15274
2.9006, 59.45, 8.75, 0.15222
2.9013, 59.4, 8.75, 0.15103
2.9024, 59.35, 8.75, 0.14912
2.9028, 59.3, 8.75, 0.1486
2.9035, 59.25, 8.75, 0.14774
2.9041, 59.2, 8.75, 0.14616
2.9048, 59.15, 8.75, 0.14498
2.9054, 59.1, 8.75, 0.14376
2.906, 59.05, 8.75, 0.14252
2.9063, 59, 8.75, 0.14199
2.9069, 58.95, 8.75, 0.14074
2.9071, 58.9, 8.75, 0.14023
2.9077, 58.85, 8.75, 0.139
2.9079, 58.8, 8.75, 0.13739
2.9084, 58.75, 8.75, 0.13615
2.9085, 58.7, 8.75, 0.13561
2.9087, 58.65, 8.75, 0.13436
2.9091, 58.6, 8.75, 0.13275
2.9092, 58.55, 8.75, 0.13148
2.9093, 58.5, 8.75, 0.13094
2.9094, 58.4, 8.75, 0.12841
2.9594, 58.3, 8.75, 0.13158
2.9595, 59.55, 8.8, 0.15888
2.9604, 59.5, 8.8, 0.15805
2.9615, 59.45, 8.8, 0.1572
2.9624, 59.4, 8.8, 0.15599
2.9632, 59.35, 8.8, 0.15479
2.9639, 59.3, 8.8, 0.15428
2.9647, 59.25, 8.8, 0.15307
2.9654, 59.2, 8.8, 0.15221
2.9662, 59.15, 8.8, 0.15102
2.9669, 59.1, 8.8, 0.14981
2.9676, 59.05, 8.8, 0.14859
2.9683, 59, 8.8, 0.14771
2.9689, 58.95, 8.8, 0.14647
2.9696, 58.9, 8.8, 0.14596
2.9702, 58.85, 8.8, 0.14439
2.9705, 58.8, 8.8, 0.14349
2.9711, 58.75, 8.8, 0.14227
2.9717, 58.7, 8.8, 0.14102
2.9719, 58.65, 8.8, 0.14049
2.9724, 58.6, 8.8, 0.13923
2.9726, 58.55, 8.8, 0.13763
2.9731, 58.5, 8.8, 0.13709
2.9732, 58.45, 8.8, 0.13585
2.9734, 58.4, 8.8, 0.13458
2.9735, 58.35, 8.8, 0.13368
2.9739, 58.3, 8.8, 0.13241
2.974, 58.2, 8.8, 0.13021
3.024, 58.05, 8.8, 0.13271
3.0241, 59.35, 8.85, 0.15843
3.0243, 59.3, 8.85, 0.15721
3.0251, 59.25, 8.85, 0.15671
3.0263, 59.2, 8.85, 0.15516
3.0271, 59.15, 8.85, 0.15464
3.0279, 59.1, 8.85, 0.15341
3.0287, 59.05, 8.85, 0.15221
3.0294, 59, 8.85, 0.15207
3.0301, 58.95, 8.85, 0.15084
3.0312, 58.9, 8.85, 0.14891
3.0316, 58.85, 8.85, 0.14839
3.0323, 58.8, 8.85, 0.14784
3.0329, 58.75, 8.85, 0.14663
3.0336, 58.7, 8.85, 0.14539
3.0342, 58.65, 8.85, 0.14415
3.0349, 58.6, 8.85, 0.14327
3.0351, 58.55, 8.85, 0.14166
3.0357, 58.5, 8.85, 0.14078
3.0363, 58.45, 8.85, 0.13916
3.0365, 58.4, 8.85, 0.13897
3.037, 58.35, 8.85, 0.13735
3.0372, 58.3, 8.85, 0.1361
3.0373, 58.25, 8.85, 0.13555
3.0378, 58.2, 8.85, 0.13358
3.0379, 58.15, 8.85, 0.13301
3.038, 58.1, 8.85, 0.13174
3.0381, 58.05, 8.85, 0.13117
3.0385, 57.95, 8.85, 0.12862
3.0885, 57.85, 8.85, 0.12945
3.0886, 59.1, 8.9, 0.15834
3.0889, 59.05, 8.9, 0.15748
3.0901, 59, 8.9, 0.15662
3.0909, 58.95, 8.9, 0.15576
3.0917, 58.9, 8.9, 0.15419
3.0924, 58.85, 8.9, 0.15366
3.0936, 58.8, 8.9, 0.15244
3.0943, 58.75, 8.9, 0.15121
3.095, 58.7, 8.9, 0.15033
3.0957, 58.65, 8.9, 0.14909
3.0964, 58.6, 8.9, 0.14821
3.0968, 58.55, 8.9, 0.14732
3.0974, 58.5, 8.9, 0.14609
3.0981, 58.45, 8.9, 0.14485
3.0987, 58.4, 8.9, 0.14431
3.0993, 58.35, 8.9, 0.14269
3.0996, 58.3, 8.9, 0.14216
3.1001, 58.25, 8.9, 0.1409
3.1003, 58.2, 8.9, 0.13964
3.1009, 58.15, 8.9, 0.13837
3.101, 58.1, 8.9, 0.13783
3.1016, 58.05, 8.9, 0.13654
3.1017, 58, 8.9, 0.13491
3.1022, 57.95, 8.9, 0.134
3.1023, 57.85, 8.9, 0.1318
3.1024, 57.75, 8.9, 0.12958
3.1525, 58.9, 8.95, 0.15806
3.1528, 58.85, 8.95, 0.15684
3.1536, 58.8, 8.95, 0.15596
3.1545, 58.75, 8.95, 0.15509
3.1556, 58.7, 8.95, 0.1535
3.1564, 58.65, 8.95, 0.15263
3.1572, 58.6, 8.95, 0.15211
3.1579, 58.55, 8.95, 0.15087
3.1587, 58.5, 8.95, 0.14962
3.1594, 58.45, 8.95, 0.14838
3.1601, 58.4, 8.95, 0.14715
3.1608, 58.35, 8.95, 0.14659
3.1614, 58.3, 8.95, 0.14571
3.1621, 58.25, 8.95, 0.14446
3.1624, 58.2, 8.95, 0.14394
3.163, 58.15, 8.95, 0.14266
3.1636, 58.1, 8.95, 0.14068
3.1638, 58.05, 8.95, 0.14048
3.1644, 58, 8.95, 0.13885
3.1652, 57.85, 8.95, 0.13573
3.1657, 57.8, 8.95, 0.13483
3.1659, 57.75, 8.95, 0.13353
3.1663, 57.7, 8.95, 0.13187
3.1664, 57.65, 8.95, 0.13058
3.1665, 57.6, 8.95, 0.13003
3.1666, 57.45, 8.95, 0.12796
3.2166, 58.65, 9, 0.15733
3.2174, 58.6, 9, 0.15574
3.2182, 58.55, 9, 0.15524
3.219, 58.5, 9, 0.15398
3.2198, 58.45, 9, 0.15312
3.2206, 58.4, 9, 0.15257
3.2217, 58.35, 9, 0.15062
3.2224, 58.3, 9, 0.14937
3.2232, 58.25, 9, 0.14811
3.2239, 58.2, 9, 0.14718
3.2246, 58.15, 9, 0.14667
3.2249, 58.1, 9, 0.14613
3.2255, 58.05, 9, 0.14489
3.2262, 58, 9, 0.14397
3.2268, 57.95, 9, 0.14198
3.227, 57.9, 9, 0.14141
3.2276, 57.85, 9, 0.14016
3.2282, 57.8, 9, 0.13885
3.2284, 57.75, 9, 0.13833
3.2289, 57.7, 9, 0.1363
3.2291, 57.65, 9, 0.13611
3.2296, 57.6, 9, 0.13443
3.2297, 57.55, 9, 0.13351
3.2298, 57.5, 9, 0.13294
3.2303, 57.4, 9, 0.13034
3.2304, 57.25, 9, 0.12705
3.2804, 58.45, 9.05, 0.15758
3.2809, 58.4, 9.05, 0.15671
3.2818, 58.35, 9.05, 0.15511
3.2826, 58.3, 9.05, 0.1542
3.2834, 58.25, 9.05, 0.15368
3.2841, 58.2, 9.05, 0.15242
3.2853, 58.15, 9.05, 0.15116
3.286, 58.1, 9.05, 0.15063
3.2867, 58.05, 9.05, 0.14938
3.2875, 58, 9.05, 0.14811
3.2878, 57.95, 9.05, 0.14721
3.2885, 57.9, 9.05, 0.14629
3.2891, 57.85, 9.05, 0.14503
3.2898, 57.8, 9.05, 0.14412
3.2904, 57.75, 9.05, 0.14321
3.2906, 57.7, 9.05, 0.1423
3.2912, 57.65, 9.05, 0.14101
3.2918, 57.6, 9.05, 0.13971
3.292, 57.55, 9.05, 0.13841
3.2925, 57.5, 9.05, 0.13787
3.2927, 57.45, 9.05, 0.13619
3.2932, 57.4, 9.05, 0.13528
3.2933, 57.35, 9.05, 0.13433
3.2934, 57.3, 9.05, 0.13302
3.2939, 57.2, 9.05, 0.13115
3.294, 57.05, 9.05, 0.12719
3.344, 58.25, 9.1, 0.15671
3.3442, 58.2, 9.1, 0.15617
3.3451, 58.15, 9.1, 0.15491
3.3463, 58.1, 9.1, 0.15331
3.3471, 58.05, 9.1, 0.15277
3.3478, 58, 9.1, 0.1515
3.3486, 57.95, 9.1, 0.15022
3.3493, 57.9, 9.1, 0.14934
3.3501, 57.85, 9.1, 0.14917
3.3508, 57.8, 9.1, 0.14788
3.3515, 57.75, 9.1, 0.14663
3.3522, 57.7, 9.1, 0.14535
3.3528, 57.65, 9.1, 0.14441
3.3531, 57.6, 9.1, 0.14387
3.3537, 57.55, 9.1, 0.14257
3.3543, 57.5, 9.1, 0.14054
3.3546, 57.45, 9.1, 0.14036
3.3551, 57.4, 9.1, 0.13868
3.3557, 57.35, 9.1, 0.13775
3.3559, 57.3, 9.1, 0.13682
3.3564, 57.25, 9.1, 0.13515
3.3567, 57.15, 9.1, 0.13364
3.3571, 57.1, 9.1, 0.13195
3.3572, 57.05, 9.1, 0.13063
3.3573, 56.95, 9.1, 0.12911
3.3577, 56.8, 9.1, 0.12686
3.4077, 58, 9.15, 0.15595
3.4085, 57.95, 9.15, 0.15505
3.4093, 57.9, 9.15, 0.15413
3.4105, 57.85, 9.15, 0.15324
3.4113, 57.8, 9.15, 0.15196
3.412, 57.75, 9.15, 0.15106
3.4128, 57.7, 9.15, 0.14978
3.4135, 57.65, 9.15, 0.14849
3.4142, 57.6, 9.15, 0.14832
3.4149, 57.55, 9.15, 0.14704
3.4152, 57.5, 9.15, 0.14538
3.4159, 57.45, 9.15, 0.14481
3.4166, 57.4, 9.15, 0.14353
3.4172, 57.35, 9.15, 0.14261
3.4174, 57.3, 9.15, 0.14168
3.418, 57.25, 9.15, 0.14038
3.4186, 57.2, 9.15, 0.13908
3.4188, 57.15, 9.15, 0.13851
3.4193, 57.1, 9.15, 0.13718
3.4195, 57.05, 9.15, 0.13588
3.42, 57, 9.15, 0.13493
3.4202, 56.9, 9.15, 0.13266
3.4207, 56.5, 9.15, 0.13059
3.4208, 56.65, 9.15, 0.12674
3.4708, 56.6, 9.15, 0.12731
3.4712, 57.8, 9.2, 0.15529
3.472, 57.75, 9.2, 0.15437
3.4729, 57.7, 9.2, 0.15346
3.4737, 57.65, 9.2, 0.15217
3.4744, 57.6, 9.2, 0.15091
3.4752, 57.55, 9.2, 0.15035
3.476, 57.5, 9.2, 0.14907
3.4767, 57.45, 9.2, 0.14852
3.4774, 57.4, 9.2, 0.14724
3.4781, 57.35, 9.2, 0.14593
3.4788, 57.3, 9.2, 0.145
3.4791, 57.25, 9.2, 0.14446
3.4797, 57.2, 9.2, 0.14312
3.4804, 57.15, 9.2, 0.14183
3.481, 57.1, 9.2, 0.14016
3.4812, 57.05, 9.2, 0.1396
3.4818, 57, 9.2, 0.13827
3.482, 56.95, 9.2, 0.13771
3.4825, 56.9, 9.2, 0.136
3.4827, 56.85, 9.2, 0.13543
3.4832, 56.8, 9.2, 0.13408
3.4833, 56.75, 9.2, 0.13277
3.4838, 56.65, 9.2, 0.13048
3.4839, 56.55, 9.2, 0.12856
3.484, 56.5, 9.2, 0.12719
3.4843, 56.45, 9.2, 0.12511
3.5343, 57.6, 9.25, 0.15508
3.5353, 57.55, 9.25, 0.15344
3.5361, 57.5, 9.25, 0.15289
3.5369, 57.45, 9.25, 0.15161
3.5377, 57.4, 9.25, 0.15105
3.5385, 57.35, 9.25, 0.14977
3.5392, 57.3, 9.25, 0.14846
3.54, 57.25, 9.25, 0.14714
3.5407, 57.2, 9.25, 0.14623
3.5414, 57.15, 9.25, 0.14492
3.5417, 57.1, 9.25, 0.14473
3.5423, 57.05, 9.25, 0.14342
3.543, 57, 9.25, 0.14211
3.5439, 56.9, 9.25, 0.14059
3.5445, 56.85, 9.25, 0.13928
3.545, 56.8, 9.25, 0.13757
3.5458, 56.7, 9.25, 0.13567
3.5459, 56.65, 9.25, 0.13474
3.546, 56.6, 9.25, 0.13413
3.5465, 56.55, 9.25, 0.13167
3.5466, 56.5, 9.25, 0.13147
3.5467, 56.45, 9.25, 0.13011
3.5471, 56.15, 9.25, 0.12863
3.5472, 56.25, 9.25, 0.12585
3.5972, 57.45, 9.3, 0.15597
3.5974, 57.4, 9.3, 0.15505
3.5983, 57.35, 9.3, 0.15414
3.5991, 57.3, 9.3, 0.15284
3.5999, 57.25, 9.3, 0.15192
3.6007, 57.2, 9.3, 0.15062
3.6014, 57.15, 9.3, 0.14968
3.6022, 57.1, 9.3, 0.14875
3.6029, 57.05, 9.3, 0.14745
3.6036, 57, 9.3, 0.1465
3.6043, 56.95, 9.3, 0.14518
3.605, 56.9, 9.3, 0.14462
3.6057, 56.85, 9.3, 0.14331
3.6059, 56.8, 9.3, 0.14236
3.6066, 56.75, 9.3, 0.14143
3.6074, 56.65, 9.3, 0.13875
3.608, 56.6, 9.3, 0.13819
3.6081, 56.55, 9.3, 0.13683
3.6087, 56.5, 9.3, 0.13551
3.6093, 56.4, 9.3, 0.13357
3.6094, 56.35, 9.3, 0.13221
3.6095, 56.3, 9.3, 0.13164
3.6099, 55.9, 9.3, 0.1312
3.61, 56, 9.3, 0.12715
3.6101, 56.05, 9.3, 0.1256
3.6601, 57.25, 9.35, 0.1551
3.6605, 57.2, 9.35, 0.1538
3.6613, 57.15, 9.35, 0.15363
3.6621, 57.1, 9.35, 0.15233
3.6629, 57.05, 9.35, 0.151
3.6637, 57, 9.35, 0.15007
3.6645, 56.95, 9.35, 0.14915
3.6652, 56.9, 9.35, 0.14782
3.6659, 56.85, 9.35, 0.14688
3.6666, 56.8, 9.35, 0.14557
3.668, 56.7, 9.35, 0.14329
3.6683, 56.65, 9.35, 0.1431
3.6689, 56.6, 9.35, 0.14137
3.6696, 56.55, 9.35, 0.14042
3.6698, 56.5, 9.35, 0.13908
3.6704, 56.45, 9.35, 0.13813
3.671, 56.4, 9.35, 0.13678
3.6711, 56.35, 9.35, 0.13545
3.6717, 56.3, 9.35, 0.13408
3.6718, 56.25, 9.35, 0.1331
3.6719, 56.2, 9.35, 0.13252
3.6724, 56.15, 9.35, 0.13078
3.6725, 56.05, 9.35, 0.12881
3.6726, 56, 9.35, 0.12861
3.673, 55.85, 9.35, 0.12486
3.723, 57.05, 9.4, 0.15497
3.7235, 57, 9.4, 0.15404
3.7244, 56.95, 9.4, 0.15272
3.7252, 56.9, 9.4, 0.15216
3.726, 56.85, 9.4, 0.15084
3.7268, 56.8, 9.4, 0.14991
3.7275, 56.75, 9.4, 0.14858
3.7283, 56.7, 9.4, 0.14764
3.729, 56.65, 9.4, 0.1467
3.7297, 56.6, 9.4, 0.14573
3.7304, 56.55, 9.4, 0.1444
3.7307, 56.5, 9.4, 0.14345
3.7313, 56.45, 9.4, 0.14211
3.732, 56.4, 9.4, 0.14076
3.7322, 56.35, 9.4, 0.14018
3.7328, 56.3, 9.4, 0.13884
3.733, 56.25, 9.4, 0.13786
3.7336, 56.2, 9.4, 0.13689
3.7338, 56.15, 9.4, 0.13516
3.7343, 56.1, 9.4, 0.13417
3.7344, 56.05, 9.4, 0.13359
3.7349, 56, 9.4, 0.13222
3.735, 55.95, 9.4, 0.13086
3.7351, 55.85, 9.4, 0.12849
3.7355, 55.6, 9.4, 0.12827
3.7356, 55.7, 9.4, 0.12514
3.7856, 56.9, 9.45, 0.15415
3.7858, 56.85, 9.45, 0.15282
3.7875, 56.75, 9.45, 0.15169
3.7883, 56.7, 9.45, 0.15038
3.7891, 56.65, 9.45, 0.14905
3.7899, 56.6, 9.45, 0.14808
3.7906, 56.55, 9.45, 0.14716
3.791, 56.5, 9.45, 0.14696
3.7917, 56.45, 9.45, 0.14562
3.7924, 56.4, 9.45, 0.14467
3.7931, 56.35, 9.45, 0.14332
3.7938, 56.3, 9.45, 0.14196
3.794, 56.25, 9.45, 0.14063
3.7947, 56.2, 9.45, 0.13965
3.7949, 56.15, 9.45, 0.13945
3.7955, 56.1, 9.45, 0.13811
3.7961, 56.05, 9.45, 0.13594
3.7963, 56, 9.45, 0.13576
3.7964, 55.95, 9.45, 0.13438
3.797, 55.9, 9.45, 0.13301
3.7971, 55.85, 9.45, 0.13163
3.7976, 55.8, 9.45, 0.13066
3.7977, 55.7, 9.45, 0.12905
3.7978, 55.6, 9.45, 0.12629
3.7982, 55.55, 9.45, 0.12411
3.8482, 56.7, 9.5, 0.15446
3.8486, 56.65, 9.5, 0.15312
3.8494, 56.6, 9.5, 0.15178
3.8503, 56.55, 9.5, 0.15083
3.8511, 56.5, 9.5, 0.14987
3.8518, 56.45, 9.5, 0.14855
3.8526, 56.4, 9.5, 0.14757
3.8534, 56.35, 9.5, 0.14625
3.8541, 56.3, 9.5, 0.14526
3.8544, 56.25, 9.5, 0.14469
3.8551, 56.2, 9.5, 0.14374
3.8558, 56.15, 9.5, 0.14238
3.8565, 56.1, 9.5, 0.14062
3.8567, 56.05, 9.5, 0.14045
3.8574, 56, 9.5, 0.13866
3.8576, 55.95, 9.5, 0.13848
3.8582, 55.9, 9.5, 0.13673
3.8584, 55.85, 9.5, 0.13612
3.8589, 55.8, 9.5, 0.13397
3.8591, 55.75, 9.5, 0.13378
3.8596, 55.7, 9.5, 0.13162
3.8597, 55.65, 9.5, 0.13099
3.8598, 55.6, 9.5, 0.13002
3.8599, 55.55, 9.5, 0.1294
3.8603, 55.2, 9.5, 0.12888
3.8604, 55.35, 9.5, 0.12427
3.9104, 56.55, 9.55, 0.15474
3.9114, 56.45, 9.55, 0.15244
3.9122, 56.4, 9.55, 0.15109
3.913, 56.35, 9.55, 0.15052
3.9138, 56.3, 9.55, 0.14918
3.9146, 56.25, 9.55, 0.14821
3.9154, 56.2, 9.55, 0.14724
3.9161, 56.15, 9.55, 0.14591
3.9165, 56.1, 9.55, 0.14492
3.9172, 56.05, 9.55, 0.14397
3.9179, 56, 9.55, 0.14298
3.9186, 55.95, 9.55, 0.142
3.9188, 55.9, 9.55, 0.14065
3.9195, 55.85, 9.55, 0.14006
3.9197, 55.8, 9.55, 0.13827
3.9203, 55.75, 9.55, 0.13768
3.9205, 55.7, 9.55, 0.13632
3.9211, 55.65, 9.55, 0.13492
3.9212, 55.6, 9.55, 0.13434
3.9218, 55.55, 9.55, 0.13293
3.9219, 55.5, 9.55, 0.13195
3.922, 55.45, 9.55, 0.13055
3.9221, 55.4, 9.55, 0.12955
3.9225, 55.35, 9.55, 0.12854
3.9226, 55.15, 9.55, 0.12532
3.9726, 56.4, 9.6, 0.15451
3.9733, 56.3, 9.6, 0.15258
3.9742, 56.25, 9.6, 0.15125
3.975, 56.2, 9.6, 0.15028
3.9758, 56.15, 9.6, 0.1493
3.9766, 56.1, 9.6, 0.14796
3.9774, 56.05, 9.6, 0.14698
3.9781, 56, 9.6, 0.14561
3.9785, 55.95, 9.6, 0.14542
3.9799, 55.85, 9.6, 0.14228
3.9802, 55.8, 9.6, 0.14209
3.9809, 55.75, 9.6, 0.14074
3.9815, 55.7, 9.6, 0.13933
3.9818, 55.65, 9.6, 0.13835
3.9824, 55.6, 9.6, 0.13696
3.9826, 55.55, 9.6, 0.13598
3.9832, 55.5, 9.6, 0.13458
3.9834, 55.45, 9.6, 0.13358
3.9835, 55.4, 9.6, 0.13297
3.984, 55.35, 9.6, 0.13119
3.9841, 55.3, 9.6, 0.13056
3.9842, 55.25, 9.6, 0.12957
3.9847, 55.2, 9.6, 0.12737
3.9848, 55, 9.6, 0.12386
4.0348, 56.2, 9.65, 0.15375
4.0353, 56.15, 9.65, 0.15278
4.0378, 56, 9.65, 0.14947
4.0386, 55.95, 9.65, 0.1489
4.0394, 55.9, 9.65, 0.14793
4.0397, 55.85, 9.65, 0.14656
4.0405, 55.8, 9.65, 0.14558
4.0412, 55.75, 9.65, 0.1442
4.042, 55.7, 9.65, 0.14321
4.0423, 55.65, 9.65, 0.14222
4.0429, 55.6, 9.65, 0.14084
4.0432, 55.55, 9.65, 0.13984
4.0438, 55.5, 9.65, 0.13885
4.0441, 55.45, 9.65, 0.13785
4.0447, 55.4, 9.65, 0.13646
4.0449, 55.35, 9.65, 0.13547
4.0455, 55.3, 9.65, 0.13406
4.0456, 55.25, 9.65, 0.13345
4.0458, 55.2, 9.65, 0.13206
4.0463, 55.15, 9.65, 0.13063
4.0465, 55, 9.65, 0.12719
4.047, 54.85, 9.65, 0.12414
4.097, 56.05, 9.7, 0.15301
4.0972, 56, 9.7, 0.15245
4.098, 55.95, 9.7, 0.15188
4.0989, 55.9, 9.7, 0.1505
4.0997, 55.85, 9.7, 0.14951
4.1001, 55.8, 9.7, 0.14813
4.1009, 55.75, 9.7, 0.14715
4.1017, 55.7, 9.7, 0.14578
4.1025, 55.65, 9.7, 0.14479
4.1032, 55.6, 9.7, 0.1434
4.1036, 55.55, 9.7, 0.14321
4.1043, 55.5, 9.7, 0.14142
4.1046, 55.45, 9.7, 0.14083
4.1052, 55.4, 9.7, 0.13983
4.1059, 55.35, 9.7, 0.13762
4.1061, 55.3, 9.7, 0.13741
4.1067, 55.25, 9.7, 0.13603
4.1069, 55.2, 9.7, 0.13462
4.1071, 55.15, 9.7, 0.13443
4.1077, 55.1, 9.7, 0.13218
4.1078, 55.05, 9.7, 0.13116
4.108, 55, 9.7, 0.13056
4.1085, 54.95, 9.7, 0.12873
4.1086, 54.85, 9.7, 0.12711
4.1087, 54.65, 9.7, 0.12473
4.1588, 55.9, 9.75, 0.15288
4.1591, 55.85, 9.75, 0.15191
4.1595, 55.8, 9.75, 0.15133
4.1604, 55.75, 9.75, 0.15034
4.1612, 55.7, 9.75, 0.14897
4.1621, 55.65, 9.75, 0.14795
4.1629, 55.6, 9.75, 0.14658
4.1637, 55.55, 9.75, 0.14558
4.164, 55.5, 9.75, 0.14539
4.1648, 55.45, 9.75, 0.1432
4.1655, 55.4, 9.75, 0.1422
4.1658, 55.35, 9.75, 0.14201
4.1665, 55.3, 9.75, 0.14063
4.1672, 55.25, 9.75, 0.1388
4.1675, 55.2, 9.75, 0.1386
4.1681, 55.15, 9.75, 0.13637
4.1684, 55.1, 9.75, 0.13618
4.1686, 55.05, 9.75, 0.13518
4.1692, 55, 9.75, 0.13337
4.1693, 54.95, 9.75, 0.13235
4.1695, 54.9, 9.75, 0.13172
4.17, 54.85, 9.75, 0.12988
4.1701, 54.8, 9.75, 0.12886
4.1702, 54.75, 9.75, 0.12864
4.1703, 54.7, 9.75, 0.12723
4.1704, 54.55, 9.75, 0.12416
4.2204, 55.75, 9.8, 0.15377
4.2205, 55.7, 9.8, 0.15277
4.2214, 55.65, 9.8, 0.15138
4.2223, 55.6, 9.8, 0.15039
4.2231, 55.55, 9.8, 0.14943
4.2239, 55.5, 9.8, 0.14882
4.2244, 55.45, 9.8, 0.14744
4.2252, 55.4, 9.8, 0.14603
4.2259, 55.35, 9.8, 0.14543
4.2267, 55.3, 9.8, 0.14404
4.227, 55.25, 9.8, 0.14303
4.2281, 55.15, 9.8, 0.1406
4.2288, 55.1, 9.8, 0.13961
4.229, 55.05, 9.8, 0.1386
4.2297, 55, 9.8, 0.13759
4.2299, 54.95, 9.8, 0.13616
4.2305, 54.9, 9.8, 0.13555
4.2307, 54.85, 9.8, 0.1337
4.2309, 54.8, 9.8, 0.1331
4.2315, 54.75, 9.8, 0.13167
4.2316, 54.7, 9.8, 0.13065
4.2317, 54.65, 9.8, 0.12962
4.2318, 54.6, 9.8, 0.1286
4.2323, 54.55, 9.8, 0.12715
4.2324, 54.45, 9.8, 0.12549
4.2325, 54.35, 9.8, 0.12465
4.2825, 55.55, 9.85, 0.15228
4.2832, 55.5, 9.85, 0.1509
4.2841, 55.45, 9.85, 0.1503
4.2845, 55.4, 9.85, 0.14971
4.2854, 55.35, 9.85, 0.1479
4.2862, 55.3, 9.85, 0.14652
4.287, 55.25, 9.85, 0.14552
4.2874, 55.2, 9.85, 0.14528
4.2882, 55.15, 9.85, 0.1439
4.2889, 55.1, 9.85, 0.14207
4.2892, 55.05, 9.85, 0.14188
4.29, 55, 9.85, 0.14047
4.2903, 54.95, 9.85, 0.13903
4.2909, 54.9, 9.85, 0.13801
4.2912, 54.85, 9.85, 0.13702
4.2918, 54.8, 9.85, 0.13558
4.2921, 54.75, 9.85, 0.13453
4.2923, 54.7, 9.85, 0.13391
4.2928, 54.65, 9.85, 0.13209
4.293, 54.6, 9.85, 0.13064
4.2931, 54.55, 9.85, 0.13043
4.2933, 54.5, 9.85, 0.12899
4.2938, 54.45, 9.85, 0.12714
4.2939, 54.35, 9.85, 0.12547
4.294, 54.2, 9.85, 0.12363
4.3441, 55.4, 9.9, 0.15229
4.3445, 55.35, 9.9, 0.1513
4.3454, 55.3, 9.9, 0.1499
4.3463, 55.25, 9.9, 0.14888
4.3471, 55.2, 9.9, 0.14827
4.348, 55.15, 9.9, 0.14687
4.3484, 55.1, 9.9, 0.14586
4.3492, 55.05, 9.9, 0.14485
4.35, 55, 9.9, 0.14345
4.3503, 54.95, 9.9, 0.14283
4.3511, 54.9, 9.9, 0.14141
4.3514, 54.85, 9.9, 0.14039
4.3521, 54.8, 9.9, 0.13935
4.3524, 54.75, 9.9, 0.13794
4.353, 54.7, 9.9, 0.13732
4.3533, 54.65, 9.9, 0.13546
4.3535, 54.6, 9.9, 0.13486
4.3541, 54.55, 9.9, 0.13341
4.3543, 54.5, 9.9, 0.13238
4.3545, 54.45, 9.9, 0.13093
4.3546, 54.4, 9.9, 0.12989
4.3552, 54.35, 9.9, 0.12885
4.3553, 54.3, 9.9, 0.12781
4.3554, 54.2, 9.9, 0.12531
4.4054, 54, 9.9, 0.1261
4.4055, 55.25, 9.95, 0.15171
4.4062, 55.2, 9.95, 0.1507
4.4071, 55.15, 9.95, 0.14931
4.408, 55.1, 9.95, 0.14828
4.4085, 55.05, 9.95, 0.14768
4.4093, 55, 9.95, 0.14667
4.4101, 54.95, 9.95, 0.14483
4.4105, 54.9, 9.95, 0.14423
4.4113, 54.85, 9.95, 0.14321
4.4121, 54.8, 9.95, 0.14137
4.4124, 54.75, 9.95, 0.14117
4.4131, 54.7, 9.95, 0.13972
4.4134, 54.65, 9.95, 0.13869
4.4141, 54.6, 9.95, 0.13767
4.4144, 54.55, 9.95, 0.13581
4.4146, 54.5, 9.95, 0.13479
4.4153, 54.45, 9.95, 0.13376
4.4155, 54.4, 9.95, 0.1323
4.4158, 54.3, 9.95, 0.13105
4.4164, 54.25, 9.95, 0.12918
4.4165, 54.2, 9.95, 0.12769
4.4167, 54.15, 9.95, 0.12707
4.4168, 54.05, 9.95, 0.12496
4.4169, 54, 9.95, 0.12349
4.4669, 53.85, 9.95, 0.1251
4.467, 55.1, 10, 0.15135
4.4679, 55.05, 10, 0.14993
4.4688, 55, 10, 0.14891
4.4692, 54.95, 10, 0.14832
4.4701, 54.9, 10, 0.1473
4.4709, 54.85, 10, 0.14545
4.4713, 54.8, 10, 0.14525
4.4722, 54.75, 10, 0.14382
4.4729, 54.7, 10, 0.14199
4.4733, 54.65, 10, 0.14177
4.4741, 54.6, 10, 0.14075
4.4744, 54.55, 10, 0.13929
4.4747, 54.5, 10, 0.13909
4.4754, 54.45, 10, 0.13722
4.4757, 54.4, 10, 0.13662
4.4763, 54.35, 10, 0.13472
4.4766, 54.3, 10, 0.13369
4.4768, 54.25, 10, 0.13307
4.477, 54.2, 10, 0.13203
4.4775, 54.15, 10, 0.12972
4.4777, 54.1, 10, 0.12909
4.4778, 54.05, 10, 0.12805
4.478, 54, 10, 0.12657
4.4781, 53.9, 10, 0.12445
4.4782, 53.8, 10, 0.12218
4.5282, 53.7, 10, 0.12563
4.5283, 55, 10.05, 0.15186
4.5285, 54.95, 10.05, 0.15125
4.5294, 54.9, 10.05, 0.15022
4.5299, 54.85, 10.05, 0.1488
4.5308, 54.8, 10.05, 0.14818
4.5321, 54.7, 10.05, 0.14532
4.5329, 54.65, 10.05, 0.1447
4.5341, 54.55, 10.05, 0.14263
4.5349, 54.5, 10.05, 0.14201
4.5352, 54.45, 10.05, 0.14014
4.536, 54.4, 10.05, 0.13953
4.5363, 54.35, 10.05, 0.13766
4.5373, 54.25, 10.05, 0.13558
4.5375, 54.2, 10.05, 0.13494
4.5377, 54.15, 10.05, 0.13348
4.5384, 54.1, 10.05, 0.13243
4.5386, 54.05, 10.05, 0.13096
4.5387, 54, 10.05, 0.13033
4.5389, 53.95, 10.05, 0.12884
4.539, 53.9, 10.05, 0.1278
4.5392, 53.85, 10.05, 0.12673
4.5393, 53.75, 10.05, 0.12377
4.5394, 53.65, 10.05, 0.12259
4.5895, 54.85, 10.1, 0.15195
4.5899, 54.8, 10.1, 0.14971
4.5904, 54.75, 10.1, 0.1495
4.5913, 54.7, 10.1, 0.14847
4.5922, 54.65, 10.1, 0.14704
4.5927, 54.6, 10.1, 0.146
4.5935, 54.55, 10.1, 0.14498
4.5944, 54.5, 10.1, 0.14394
4.5948, 54.45, 10.1, 0.14289
4.5956, 54.4, 10.1, 0.14186
4.5959, 54.35, 10.1, 0.14041
4.5967, 54.3, 10.1, 0.13895
4.597, 54.25, 10.1, 0.13789
4.5974, 54.2, 10.1, 0.13769
4.5981, 54.15, 10.1, 0.13581
4.5983, 54.1, 10.1, 0.13518
4.5986, 54.05, 10.1, 0.13413
4.5992, 54, 10.1, 0.13222
4.5995, 53.95, 10.1, 0.13202
4.5997, 53.9, 10.1, 0.13054
4.5998, 53.85, 10.1, 0.12947
4.6001, 53.75, 10.1, 0.12691
4.6003, 53.7, 10.1, 0.1267
4.6004, 53.6, 10.1, 0.12414
4.6005, 53.55, 10.1, 0.12265
4.6505, 53.5, 10.1, 0.12373
4.6506, 54.7, 10.15, 0.15178
4.6513, 54.65, 10.15, 0.15075
4.6518, 54.6, 10.15, 0.14931
4.6527, 54.55, 10.15, 0.14829
4.6536, 54.5, 10.15, 0.14725
4.6549, 54.4, 10.15, 0.14476
4.6553, 54.35, 10.15, 0.14372
4.6562, 54.3, 10.15, 0.14224
4.6565, 54.25, 10.15, 0.14162
4.6573, 54.2, 10.15, 0.14058
4.6577, 54.15, 10.15, 0.13953
4.6584, 54.1, 10.15, 0.13806
4.6587, 54.05, 10.15, 0.13744
4.659, 54, 10.15, 0.13596
4.6597, 53.95, 10.15, 0.13448
4.66, 53.9, 10.15, 0.13386
4.6602, 53.85, 10.15, 0.13236
4.6604, 53.8, 10.15, 0.13172
4.6606, 53.75, 10.15, 0.13064
4.6612, 53.7, 10.15, 0.12915
4.6614, 53.65, 10.15, 0.1281
4.6615, 53.35, 10.15, 0.12333
4.6619, 53.4, 10.15, 0.12201
4.7119, 54.55, 10.2, 0.15057
4.7125, 54.5, 10.2, 0.14952
4.7134, 54.45, 10.2, 0.14807
4.7139, 54.4, 10.2, 0.14704
4.7148, 54.35, 10.2, 0.14598
4.7153, 54.3, 10.2, 0.14577
4.7162, 54.25, 10.2, 0.14392
4.7166, 54.2, 10.2, 0.1437
4.7174, 54.15, 10.2, 0.14138
4.7178, 54.1, 10.2, 0.14075
4.7186, 54.05, 10.2, 0.13886
4.7189, 54, 10.2, 0.13866
4.7193, 53.95, 10.2, 0.13718
4.72, 53.9, 10.2, 0.13652
4.7203, 53.85, 10.2, 0.13549
4.7206, 53.8, 10.2, 0.13398
4.7213, 53.75, 10.2, 0.13295
4.7215, 53.7, 10.2, 0.13144
4.7217, 53.65, 10.2, 0.13038
4.7219, 53.6, 10.2, 0.12928
4.7221, 53.55, 10.2, 0.12779
4.7223, 53.5, 10.2, 0.12672
4.7224, 53.45, 10.2, 0.12609
4.7225, 53.4, 10.2, 0.12498
4.7226, 53.35, 10.2, 0.12348
4.7227, 53.3, 10.2, 0.12283
4.7228, 53.25, 10.2, 0.12229
4.7728, 54.4, 10.25, 0.15084
4.7736, 54.35, 10.25, 0.14982
4.7746, 54.3, 10.25, 0.14753
4.7751, 54.25, 10.25, 0.14731
4.776, 54.2, 10.25, 0.14584
4.7764, 54.15, 10.25, 0.14477
4.7773, 54.1, 10.25, 0.14375
4.7777, 54.05, 10.25, 0.14267
4.7786, 54, 10.25, 0.14163
4.7789, 53.95, 10.25, 0.14014
4.7797, 53.9, 10.25, 0.13909
4.7801, 53.85, 10.25, 0.13802
4.7804, 53.8, 10.25, 0.13653
4.7812, 53.75, 10.25, 0.13545
4.7815, 53.7, 10.25, 0.1344
4.7817, 53.65, 10.25, 0.13291
4.782, 53.6, 10.25, 0.13271
4.7822, 53.55, 10.25, 0.13161
4.7824, 53.5, 10.25, 0.13055
4.7831, 53.45, 10.25, 0.12819
4.7833, 53.4, 10.25, 0.12708
4.7834, 53.15, 10.25, 0.12166
4.8334, 53.1, 10.25, 0.12291
4.8335, 53.25, 10.25, 0.12342
4.8337, 54.3, 10.3, 0.15077
4.8341, 54.25, 10.3, 0.14973
4.835, 54.2, 10.3, 0.14826
4.8356, 54.15, 10.3, 0.14762
4.8365, 54.1, 10.3, 0.14657
4.837, 54.05, 10.3, 0.14552
4.8379, 54, 10.3, 0.14447
4.8383, 53.95, 10.3, 0.1434
4.8392, 53.9, 10.3, 0.14192
4.8396, 53.85, 10.3, 0.14086
4.84, 53.8, 10.3, 0.14023
4.8408, 53.75, 10.3, 0.13873
4.8411, 53.7, 10.3, 0.13724
4.8414, 53.65, 10.3, 0.13659
4.8422, 53.6, 10.3, 0.1351
4.8428, 53.5, 10.3, 0.13294
4.843, 53.45, 10.3, 0.13187
4.8432, 53.4, 10.3, 0.13037
4.8435, 53.35, 10.3, 0.12929
4.8437, 53.3, 10.3, 0.1282
4.8438, 53.25, 10.3, 0.12668
4.844, 53.2, 10.3, 0.12559
4.8443, 53.1, 10.3, 0.12341
4.8444, 53.05, 10.3, 0.12232
4.8445, 53, 10.3, 0.12211
4.8945, 54.15, 10.35, 0.15016
4.8954, 54.1, 10.35, 0.1491
4.8959, 54.05, 10.35, 0.14805
4.8969, 54, 10.35, 0.14699
4.8974, 53.95, 10.35, 0.14593
4.8983, 53.9, 10.35, 0.14487
4.8987, 53.85, 10.35, 0.14337
4.8996, 53.8, 10.35, 0.14273
4.9, 53.75, 10.35, 0.14124
4.9005, 53.7, 10.35, 0.14062
4.9016, 53.6, 10.35, 0.13761
4.9023, 53.5, 10.35, 0.13545
4.9031, 53.45, 10.35, 0.13438
4.9034, 53.4, 10.35, 0.13331
4.9036, 53.35, 10.35, 0.13265
4.9039, 53.3, 10.35, 0.13114
4.9041, 53.25, 10.35, 0.12962
4.9043, 53.2, 10.35, 0.12897
4.9045, 53.15, 10.35, 0.12744
4.9047, 53.1, 10.35, 0.12593
4.9049, 52.85, 10.35, 0.12276
4.9051, 52.95, 10.35, 0.12263
4.9052, 52.9, 10.35, 0.12152
4.9553, 54.05, 10.4, 0.15098
4.9556, 54, 10.4, 0.14908
4.9561, 53.95, 10.4, 0.14844
4.9571, 53.9, 10.4, 0.14696
4.9576, 53.85, 10.4, 0.14631
4.959, 53.75, 10.4, 0.14375
4.9599, 53.7, 10.4, 0.14268
4.9604, 53.65, 10.4, 0.14162
4.9608, 53.6, 10.4, 0.14054
4.9616, 53.55, 10.4, 0.13947
4.962, 53.5, 10.4, 0.13839
4.9624, 53.45, 10.4, 0.13731
4.9632, 53.4, 10.4, 0.1358
4.9635, 53.35, 10.4, 0.13515
4.9638, 53.3, 10.4, 0.13362
4.9641, 53.25, 10.4, 0.13256
4.9644, 53.2, 10.4, 0.13145
4.9646, 53.15, 10.4, 0.12992
4.9649, 53.1, 10.4, 0.12884
4.9651, 53.05, 10.4, 0.12773
4.9654, 52.95, 10.4, 0.12555
4.9655, 52.75, 10.4, 0.12166
5.0155, 52.8, 10.4, 0.1218
5.0159, 53.9, 10.45, 0.14995
5.0166, 53.85, 10.45, 0.14848
5.0171, 53.8, 10.45, 0.14742
5.0181, 53.75, 10.45, 0.14634
5.0186, 53.7, 10.45, 0.14527
5.0196, 53.65, 10.45, 0.14421
5.02, 53.6, 10.45, 0.14271
5.0209, 53.55, 10.45, 0.14077
5.0214, 53.5, 10.45, 0.14056
5.0218, 53.45, 10.45, 0.13989
5.0222, 53.4, 10.45, 0.13836
5.023, 53.35, 10.45, 0.13731
5.0234, 53.3, 10.45, 0.13578
5.0237, 53.25, 10.45, 0.13471
5.0241, 53.2, 10.45, 0.13359
5.0244, 53.15, 10.45, 0.13338
5.0247, 53.1, 10.45, 0.13185
5.0249, 53.05, 10.45, 0.13078
5.0252, 53, 10.45, 0.12965
5.0254, 52.95, 10.45, 0.12813
5.0256, 52.9, 10.45, 0.12702
5.0258, 52.85, 10.45, 0.12593
5.026, 52.8, 10.45, 0.12482
5.0261, 52.6, 10.45, 0.12246
5.0263, 52.7, 10.45, 0.12216
5.0264, 52.65, 10.45, 0.12111
5.0764, 53.8, 10.5, 0.15021
5.0769, 53.75, 10.5, 0.14914
5.0774, 53.7, 10.5, 0.14807
5.0784, 53.65, 10.5, 0.147
5.079, 53.6, 10.5, 0.1455
5.0795, 53.55, 10.5, 0.14441
5.0804, 53.5, 10.5, 0.14333
5.0809, 53.45, 10.5, 0.14226
5.0814, 53.4, 10.5, 0.14117
5.0822, 53.35, 10.5, 0.14009
5.0827, 53.3, 10.5, 0.139
5.0831, 53.25, 10.5, 0.1379
5.0835, 53.2, 10.5, 0.13682
5.0843, 53.15, 10.5, 0.13529
5.0846, 53.1, 10.5, 0.13464
5.0849, 53.05, 10.5, 0.1331
5.0852, 53, 10.5, 0.13244
5.0855, 52.95, 10.5, 0.13133
5.0858, 52.9, 10.5, 0.1298
5.0861, 52.85, 10.5, 0.1287
5.0863, 52.8, 10.5, 0.12759
5.0865, 52.4, 10.5, 0.12483
5.0866, 52.6, 10.5, 0.1227
5.0867, 52.55, 10.5, 0.12158
5.1367, 52.5, 10.5, 0.12169
5.1368, 52.45, 10.5, 0.12304
5.1369, 53.7, 10.55, 0.15053
5.137, 53.65, 10.55, 0.14944
5.1376, 53.6, 10.55, 0.14793
5.1391, 53.5, 10.55, 0.14577
5.1397, 53.45, 10.55, 0.14513
5.1411, 53.35, 10.55, 0.14253
5.1416, 53.3, 10.55, 0.14144
5.1425, 53.25, 10.55, 0.14036
5.1429, 53.2, 10.55, 0.13969
5.1434, 53.15, 10.55, 0.13817
5.1438, 53.1, 10.55, 0.13663
5.1442, 53.05, 10.55, 0.13555
5.145, 53, 10.55, 0.13442
5.1453, 52.95, 10.55, 0.13376
5.1456, 52.9, 10.55, 0.13223
5.1459, 52.85, 10.55, 0.13111
5.1462, 52.8, 10.55, 0.13002
5.1465, 52.75, 10.55, 0.12848
5.1467, 52.6, 10.55, 0.12556
5.1469, 52.55, 10.55, 0.12358
5.147, 52.35, 10.55, 0.12286
5.1471, 52.5, 10.55, 0.12246
5.1472, 52.45, 10.55, 0.12133
5.1972, 52.4, 10.55, 0.12151
5.1974, 53.55, 10.6, 0.1493
5.1975, 53.5, 10.6, 0.1482
5.1986, 53.45, 10.6, 0.14756
5.1991, 53.4, 10.6, 0.14604
5.2001, 53.35, 10.6, 0.14497
5.2007, 53.3, 10.6, 0.14387
5.2012, 53.25, 10.6, 0.14235
5.2021, 53.2, 10.6, 0.14168
5.2026, 53.15, 10.6, 0.14059
5.203, 53.1, 10.6, 0.13949
5.2035, 53.05, 10.6, 0.1384
5.2047, 52.95, 10.6, 0.13619
5.2051, 52.9, 10.6, 0.13465
5.2055, 52.85, 10.6, 0.13356
5.2058, 52.8, 10.6, 0.13244
5.2061, 52.75, 10.6, 0.13089
5.2067, 52.65, 10.6, 0.12866
5.2068, 52.55, 10.6, 0.12643
5.207, 52.5, 10.6, 0.12576
5.2071, 52.15, 10.6, 0.12494
5.2072, 52.45, 10.6, 0.12419
5.2073, 52.3, 10.6, 0.12043
5.2573, 52.35, 10.6, 0.12149
5.2576, 53.45, 10.65, 0.14999
5.2577, 53.4, 10.65, 0.1489
5.2584, 53.35, 10.65, 0.14737
5.2594, 53.3, 10.65, 0.14629
5.2599, 53.25, 10.65, 0.14519
5.2605, 53.2, 10.65, 0.1441
5.2615, 53.15, 10.65, 0.14257
5.262, 53.1, 10.65, 0.14189
5.2629, 53, 10.65, 0.13971
5.2638, 52.95, 10.65, 0.13818
5.2643, 52.9, 10.65, 0.13705
5.2651, 52.8, 10.65, 0.13484
5.2655, 52.75, 10.65, 0.13417
5.2658, 52.7, 10.65, 0.13261
5.2662, 52.65, 10.65, 0.13106
5.2665, 52.6, 10.65, 0.13039
5.2668, 52.55, 10.65, 0.12927
5.2671, 52.5, 10.65, 0.12815
5.2673, 52.35, 10.65, 0.12432
5.2675, 52.3, 10.65, 0.12321
5.2676, 52.15, 10.65, 0.12162
5.2679, 52.2, 10.65, 0.12093
5.3179, 53.3, 10.7, 0.14835
5.3184, 53.25, 10.7, 0.14812
5.3194, 53.2, 10.7, 0.14616
5.32, 53.15, 10.7, 0.14549
5.3206, 53.1, 10.7, 0.14441
5.3216, 53.05, 10.7, 0.14243
5.3221, 53, 10.7, 0.14087
5.3231, 52.9, 10.7, 0.13998
5.3236, 52.85, 10.7, 0.13842
5.3244, 52.8, 10.7, 0.13647
5.3249, 52.75, 10.7, 0.13534
5.3253, 52.7, 10.7, 0.1351
5.3257, 52.65, 10.7, 0.13399
5.3261, 52.6, 10.7, 0.13243
5.3264, 52.55, 10.7, 0.1313
5.3267, 52.5, 10.7, 0.13019
5.3269, 52.4, 10.7, 0.12837
5.3272, 52.35, 10.7, 0.12637
5.3274, 52.3, 10.7, 0.12522
5.3276, 52.15, 10.7, 0.12229
5.3278, 52.1, 10.7, 0.12024
5.3778, 52.05, 10.7, 0.12067
5.378, 53.2, 10.75, 0.14889
5.3786, 53.15, 10.75, 0.14779
5.3793, 53.1, 10.75, 0.14668
5.3799, 53.05, 10.75, 0.14514
5.3805, 53, 10.75, 0.14404
5.3815, 52.95, 10.75, 0.14335
5.382, 52.9, 10.75, 0.14225
5.3825, 52.85, 10.75, 0.14115
5.383, 52.8, 10.75, 0.13918
5.3835, 52.75, 10.75, 0.13893
5.3844, 52.7, 10.75, 0.13738
5.3849, 52.65, 10.75, 0.13627
5.3853, 52.6, 10.75, 0.13513
5.3857, 52.55, 10.75, 0.13402
5.3861, 52.5, 10.75, 0.13289
5.3865, 52.45, 10.75, 0.13134
5.3867, 52.35, 10.75, 0.12952
5.3873, 52.25, 10.75, 0.12681
5.3876, 52.1, 10.75, 0.1234
5.3877, 51.95, 10.75, 0.12044
5.4377, 51.9, 10.75, 0.1218
5.4379, 51.85, 10.75, 0.12407
5.438, 53.1, 10.8, 0.14905
5.4383, 53.05, 10.8, 0.14795
5.4389, 53, 10.8, 0.14729
5.44, 52.95, 10.8, 0.14532
5.4406, 52.9, 10.8, 0.1442
5.4412, 52.85, 10.8, 0.14396
5.4417, 52.8, 10.8, 0.14241
5.4427, 52.75, 10.8, 0.14129
5.4432, 52.7, 10.8, 0.1393
5.4437, 52.65, 10.8, 0.13862
5.4442, 52.6, 10.8, 0.13706
5.4447, 52.55, 10.8, 0.13681
5.4455, 52.45, 10.8, 0.13368
5.4459, 52.4, 10.8, 0.133
5.4463, 52.35, 10.8, 0.13188
5.4467, 52.3, 10.8, 0.13073
5.447, 52.25, 10.8, 0.12917
5.4472, 52.15, 10.8, 0.12688
5.4477, 52.05, 10.8, 0.12461
5.4478, 51.95, 10.8, 0.12187
5.4479, 51.8, 10.8, 0.12168
5.448, 51.9, 10.8, 0.12072
5.4481, 51.85, 10.8, 0.12033
5.4982, 52.95, 10.85, 0.14766
5.4988, 52.9, 10.85, 0.14698
5.4999, 52.85, 10.85, 0.14588
5.5005, 52.8, 10.85, 0.14474
5.5011, 52.75, 10.85, 0.1432
5.5017, 52.7, 10.85, 0.14207
5.5022, 52.65, 10.85, 0.14096
5.5027, 52.6, 10.85, 0.13985
5.5037, 52.55, 10.85, 0.13872
5.5042, 52.5, 10.85, 0.13759
5.5047, 52.45, 10.85, 0.13647
5.5051, 52.4, 10.85, 0.13533
5.5056, 52.35, 10.85, 0.13422
5.5059, 52.25, 10.85, 0.13149
5.5063, 52.2, 10.85, 0.1308
5.5067, 52.15, 10.85, 0.12922
5.507, 52.1, 10.85, 0.12808
5.5072, 51.5, 10.85, 0.12751
5.5073, 52.05, 10.85, 0.12693
5.5074, 51.95, 10.85, 0.12463
5.5076, 51.7, 10.85, 0.12158
5.5077, 51.8, 10.85, 0.12073
5.5079, 51.75, 10.85, 0.11975
5.5579, 51.85, 10.85, 0.12145
5.558, 52.85, 10.9, 0.14777
5.5589, 52.8, 10.9, 0.14709
5.5595, 52.75, 10.9, 0.14553
5.5602, 52.7, 10.9, 0.14441
5.5608, 52.65, 10.9, 0.14374
5.5614, 52.6, 10.9, 0.14261
5.5619, 52.55, 10.9, 0.14105
5.5629, 52.5, 10.9, 0.13992
5.5635, 52.45, 10.9, 0.13879
5.564, 52.4, 10.9, 0.13722
5.5645, 52.35, 10.9, 0.13608
5.5649, 52.3, 10.9, 0.13495
5.5654, 52.25, 10.9, 0.13425
5.5658, 52.15, 10.9, 0.13198
5.5662, 52.1, 10.9, 0.1304
5.5665, 52.05, 10.9, 0.12924
5.5669, 52, 10.9, 0.12809
5.5671, 51.9, 10.9, 0.12581
5.5674, 51.75, 10.9, 0.1219
5.5677, 51.7, 10.9, 0.1212
5.5679, 51.65, 10.9, 0.12004
5.6179, 52.75, 10.95, 0.14794
5.6183, 52.7, 10.95, 0.14728
5.619, 52.65, 10.95, 0.14613
5.6201, 52.6, 10.95, 0.14369
5.6207, 52.55, 10.95, 0.14259
5.6213, 52.5, 10.95, 0.14232
5.6219, 52.45, 10.95, 0.1412
5.6225, 52.4, 10.95, 0.13963
5.623, 52.35, 10.95, 0.13893
5.6235, 52.3, 10.95, 0.13734
5.624, 52.25, 10.95, 0.13621
5.6245, 52.2, 10.95, 0.13508
5.6254, 52.1, 10.95, 0.13233
5.6259, 52.05, 10.95, 0.13165
5.6262, 51.95, 10.95, 0.12891
5.6266, 51.9, 10.95, 0.12775
5.6269, 51.85, 10.95, 0.12658
5.6271, 51.75, 10.95, 0.12383
5.6274, 51.6, 10.95, 0.1199
5.6276, 51.55, 10.95, 0.11916
5.6777, 52.65, 11, 0.14836
5.678, 52.6, 11, 0.14636
5.6787, 52.55, 11, 0.14524
5.6798, 52.5, 11, 0.14498
5.6804, 52.45, 11, 0.14341
5.681, 52.4, 11, 0.14229
5.6816, 52.35, 11, 0.14113
5.6822, 52.3, 11, 0.14001
5.6828, 52.25, 11, 0.13887
5.6833, 52.2, 11, 0.13727
5.6838, 52.15, 11, 0.13615
5.6843, 52.1, 11, 0.13498
5.6848, 52.05, 11, 0.13384
5.6853, 51.95, 11, 0.13199
5.6857, 51.9, 11, 0.1304
5.6861, 51.85, 11, 0.12878
5.6863, 51.75, 11, 0.12648
5.6867, 51.7, 11, 0.12531
5.6868, 51.6, 11, 0.12299
5.6871, 51.55, 11, 0.12181
5.6872, 51.45, 11, 0.11946
5.7372, 51.4, 11, 0.12084
5.7374, 52.55, 11.05, 0.14841
5.7379, 52.5, 11.05, 0.14639
5.7386, 52.45, 11.05, 0.14528
5.7393, 52.4, 11.05, 0.14412
5.7399, 52.35, 11.05, 0.14344
5.7405, 52.3, 11.05, 0.14186
5.7411, 52.25, 11.05, 0.14116
5.7417, 52.2, 11.05, 0.13956
5.7423, 52.15, 11.05, 0.13887
5.7429, 52.1, 11.05, 0.13729
5.7434, 52.05, 11.05, 0.13612
5.7439, 52, 11.05, 0.13499
5.7444, 51.95, 11.05, 0.13383
5.7449, 51.85, 11.05, 0.13107
5.7453, 51.8, 11.05, 0.1299
5.7457, 51.75, 11.05, 0.12965
5.746, 51.65, 11.05, 0.12643
5.7464, 51.6, 11.05, 0.12572
5.7465, 51.5, 11.05, 0.12248
5.7466, 51.4, 11.05, 0.12013
5.7469, 51.35, 11.05, 0.11943
5.7874, 51.4, 11.05, 0.12013
5.7876, 51.35, 11.05, 0.11943
5.7969, 52.45, 11.1, 0.14755
5.7971, 52.4, 11.1, 0.14597
5.7983, 52.35, 11.1, 0.14572
5.7989, 52.3, 11.1, 0.1446
5.8003, 52.2, 11.1, 0.14185
5.8009, 52.15, 11.1, 0.14114
5.8015, 52.1, 11.1, 0.13956
5.8021, 52.05, 11.1, 0.13885
5.8026, 52, 11.1, 0.13725
5.8032, 51.9, 11.1, 0.13495
5.8037, 51.85, 11.1, 0.13379
5.8042, 51.8, 11.1, 0.13218
5.8051, 51.7, 11.1, 0.12985
5.8055, 51.6, 11.1, 0.12753
5.8058, 51.5, 11.1, 0.12564
5.806, 51.4, 11.1, 0.1233
5.8062, 51.2, 11.1, 0.12073
5.8066, 51.3, 11.1, 0.12002
5.8566, 52.35, 11.15, 0.14755
5.857, 52.3, 11.15, 0.1464
5.8577, 52.25, 11.15, 0.14526
5.8584, 52.2, 11.15, 0.14367
5.8591, 52.15, 11.15, 0.14297
5.8597, 52.1, 11.15, 0.14137
5.8604, 52.05, 11.15, 0.14021
5.861, 52, 11.15, 0.13907
5.8616, 51.95, 11.15, 0.13834
5.8621, 51.9, 11.15, 0.13675
5.8622, 51.85, 11.15, 0.13605
5.8628, 51.8, 11.15, 0.13487
5.8633, 51.75, 11.15, 0.13327
5.8638, 51.7, 11.15, 0.1321
5.8643, 51.6, 11.15, 0.12977
5.8647, 51.55, 11.15, 0.1286
5.865, 51.45, 11.15, 0.12625
5.8654, 51.4, 11.15, 0.12553
5.8656, 51.05, 11.15, 0.12162
5.8658, 51.2, 11.15, 0.11989
5.8661, 51.15, 11.15, 0.11928
5.9161, 52.25, 11.2, 0.14757
5.9162, 52.2, 11.2, 0.14599
5.9169, 52.15, 11.2, 0.14529
5.9176, 52.1, 11.2, 0.14368
5.9183, 52.05, 11.2, 0.14251
5.9189, 52, 11.2, 0.14139
5.9196, 51.95, 11.2, 0.14022
5.9202, 51.9, 11.2, 0.13907
5.9208, 51.85, 11.2, 0.13789
5.9214, 51.8, 11.2, 0.1363
5.922, 51.75, 11.2, 0.13512
5.9225, 51.7, 11.2, 0.13441
5.9226, 51.65, 11.2, 0.13369
5.9231, 51.6, 11.2, 0.13163
5.9236, 51.55, 11.2, 0.13043
5.924, 51.45, 11.2, 0.12765
5.9244, 51.35, 11.2, 0.1262
5.9248, 51.3, 11.2, 0.12409
5.925, 51.05, 11.2, 0.11909
5.975, 51.1, 11.2, 0.12028
5.9752, 51.15, 11.2, 0.12054
5.9754, 52.15, 11.25, 0.14745
5.9755, 52.1, 11.25, 0.14676
5.9763, 52.05, 11.25, 0.14515
5.977, 52, 11.25, 0.14398
5.9777, 51.95, 11.25, 0.14283
5.9784, 51.9, 11.25, 0.14166
5.979, 51.85, 11.25, 0.14052
5.9797, 51.8, 11.25, 0.13936
5.9803, 51.75, 11.25, 0.13727
5.9809, 51.7, 11.25, 0.1361
5.9815, 51.65, 11.25, 0.13585
5.9816, 51.6, 11.25, 0.13423
5.9821, 51.55, 11.25, 0.13305
5.9826, 51.5, 11.25, 0.13142
5.9827, 51.45, 11.25, 0.13069
5.9831, 51.4, 11.25, 0.12906
5.9836, 51.3, 11.25, 0.1267
5.9839, 51.2, 11.25, 0.12433
5.9843, 51.15, 11.25, 0.12313
5.9844, 51, 11.25, 0.11957
5.9847, 50.95, 11.25, 0.11884
6.0347, 52.05, 11.3, 0.14738
6.0351, 52, 11.3, 0.14577
6.0359, 51.95, 11.3, 0.14506
6.0366, 51.9, 11.3, 0.14346
6.0373, 51.85, 11.3, 0.14274
6.038, 51.8, 11.3, 0.14156
6.0382, 51.75, 11.3, 0.13995
6.0389, 51.7, 11.3, 0.13877
6.0395, 51.65, 11.3, 0.13718
6.0401, 51.6, 11.3, 0.13644
6.0407, 51.55, 11.3, 0.13527
6.0408, 51.5, 11.3, 0.13408
6.0414, 51.45, 11.3, 0.13245
6.0419, 51.4, 11.3, 0.13174
6.0424, 51.3, 11.3, 0.12937
6.0429, 51.2, 11.3, 0.127
6.0432, 51.1, 11.3, 0.12415
6.0435, 51, 11.3, 0.12176
6.0437, 50.9, 11.3, 0.11938
6.044, 50.85, 11.3, 0.11874
6.094, 51.95, 11.35, 0.14637
6.0944, 51.9, 11.35, 0.14567
6.0952, 51.85, 11.35, 0.14404
6.0959, 51.8, 11.35, 0.14287
6.0967, 51.75, 11.35, 0.14218
6.0969, 51.7, 11.35, 0.14099
6.0976, 51.65, 11.35, 0.13982
6.0983, 51.6, 11.35, 0.13866
6.0989, 51.55, 11.35, 0.13701
6.0995, 51.5, 11.35, 0.13629
6.1002, 51.4, 11.35, 0.13348
6.1008, 51.35, 11.35, 0.13182
6.1009, 51.3, 11.35, 0.1311
6.1014, 51.25, 11.35, 0.13038
6.1019, 51.15, 11.35, 0.12755
6.1023, 51.05, 11.35, 0.12468
6.1027, 50.95, 11.35, 0.12229
6.1028, 50.8, 11.35, 0.1187
6.1528, 50.75, 11.35, 0.11968
6.1531, 51.9, 11.4, 0.1474
6.1535, 51.8, 11.4, 0.14507
6.1543, 51.75, 11.4, 0.14391
6.155, 51.7, 11.4, 0.14319
6.1558, 51.65, 11.4, 0.142
6.1565, 51.6, 11.4, 0.14084
6.1567, 51.55, 11.4, 0.1392
6.1574, 51.5, 11.4, 0.13801
6.158, 51.45, 11.4, 0.13684
6.1588, 51.35, 11.4, 0.13494
6.1594, 51.3, 11.4, 0.13374
6.16, 51.25, 11.4, 0.13212
6.1601, 51.2, 11.4, 0.13092
6.1606, 51.15, 11.4, 0.12971
6.1611, 51.05, 11.4, 0.12733
6.1614, 50.4, 11.4, 0.12725
6.1615, 50.9, 11.4, 0.12325
6.1619, 50.8, 11.4, 0.12132
6.162, 50.65, 11.4, 0.11968
6.1621, 50.7, 11.4, 0.11845
6.2121, 50.75, 11.4, 0.11965
6.2122, 50.6, 11.4, 0.12063
6.2123, 51.75, 11.45, 0.14571
6.2128, 51.7, 11.45, 0.14407
6.2136, 51.65, 11.45, 0.14335
6.2143, 51.6, 11.45, 0.14172
6.2146, 51.55, 11.45, 0.14145
6.2153, 51.5, 11.45, 0.14073
6.216, 51.45, 11.45, 0.13909
6.2167, 51.4, 11.45, 0.137
6.2174, 51.35, 11.45, 0.13578
6.2176, 51.3, 11.45, 0.13551
6.2182, 51.25, 11.45, 0.13431
6.2188, 51.2, 11.45, 0.13176
6.2194, 51.1, 11.45, 0.12985
6.2195, 51.05, 11.45, 0.12957
6.2201, 50.95, 11.45, 0.12669
6.2204, 50.3, 11.45, 0.12641
6.2205, 50.85, 11.45, 0.1243
6.2208, 50.7, 11.45, 0.12069
6.221, 50.55, 11.45, 0.11883
6.2211, 50.6, 11.45, 0.11787
6.2711, 50.65, 11.45, 0.11899
6.2712, 50.5, 11.45, 0.12072
6.2713, 51.65, 11.5, 0.14592
6.2718, 51.6, 11.5, 0.14429
6.2726, 51.55, 11.5, 0.14355
6.2733, 51.5, 11.5, 0.14239
6.2741, 51.45, 11.5, 0.1412
6.2751, 51.35, 11.5, 0.13835
6.2758, 51.3, 11.5, 0.13716
6.2764, 51.25, 11.5, 0.13644
6.2766, 51.2, 11.5, 0.13478
6.2772, 51.15, 11.5, 0.13405
6.278, 51.05, 11.5, 0.13165
6.2786, 50.95, 11.5, 0.12879
6.2792, 50.85, 11.5, 0.12639
6.2796, 50.3, 11.5, 0.12449
6.2797, 50.7, 11.5, 0.12322
6.2798, 50.35, 11.5, 0.12259
6.2799, 50.55, 11.5, 0.1191
6.2803, 50.5, 11.5, 0.11784
6.3303, 51.55, 11.55, 0.14573
6.3309, 51.5, 11.55, 0.14454
6.3317, 51.45, 11.55, 0.14245
6.3325, 51.4, 11.55, 0.14218
6.3328, 51.35, 11.55, 0.14098
6.3336, 51.3, 11.55, 0.13979
6.3343, 51.25, 11.55, 0.13767
6.3345, 51.2, 11.55, 0.13694
6.3352, 51.15, 11.55, 0.13574
6.3359, 51.1, 11.55, 0.13453
6.336, 51.05, 11.55, 0.13333
6.3367, 51, 11.55, 0.13212
6.3368, 50.95, 11.55, 0.13093
6.3374, 50.9, 11.55, 0.12925
6.3375, 50.85, 11.55, 0.12805
6.338, 50.75, 11.55, 0.12609
6.3384, 50.15, 11.55, 0.1255
6.3385, 50.6, 11.55, 0.12197
6.3388, 50.45, 11.55, 0.11833
6.3888, 50.4, 11.55, 0.11883
6.3892, 51.45, 11.6, 0.14505
6.3906, 51.35, 11.6, 0.14268
6.3914, 51.3, 11.6, 0.14147
6.3917, 51.25, 11.6, 0.14029
6.3932, 51.15, 11.6, 0.13788
6.3935, 51.1, 11.6, 0.1367
6.3942, 51.05, 11.6, 0.1355
6.3948, 51, 11.6, 0.13427
6.395, 50.95, 11.6, 0.13308
6.3956, 50.9, 11.6, 0.13187
6.3958, 50.85, 11.6, 0.13112
6.3964, 50.8, 11.6, 0.12897
6.3965, 50.75, 11.6, 0.12823
6.397, 50.7, 11.6, 0.12653
6.3971, 50.6, 11.6, 0.12459
6.3974, 50.15, 11.6, 0.12318
6.3975, 50.2, 11.6, 0.12175
6.3976, 50.5, 11.6, 0.12119
6.3977, 50.25, 11.6, 0.11983
6.3978, 50.3, 11.6, 0.11886
6.3979, 50.35, 11.6, 0.11752
6.4479, 50.4, 11.6, 0.11921
6.448, 51.45, 11.65, 0.1472
6.4481, 51.35, 11.65, 0.14436
6.4489, 51.3, 11.65, 0.14362
6.4497, 51.25, 11.65, 0.14243
6.4501, 51.2, 11.65, 0.14122
6.4509, 51.15, 11.65, 0.14002
6.4516, 51.1, 11.65, 0.13836
6.4519, 51.05, 11.65, 0.13716
6.4526, 51, 11.65, 0.13594
6.4528, 50.95, 11.65, 0.13473
6.4535, 50.9, 11.65, 0.13353
6.4543, 50.8, 11.65, 0.1311
6.455, 50.75, 11.65, 0.12988
6.4551, 50.7, 11.65, 0.12867
6.4556, 49.9, 11.65, 0.12758
6.4557, 50.6, 11.65, 0.1267
6.4558, 50.5, 11.65, 0.12331
6.4562, 50.05, 11.65, 0.12277
6.4563, 50.35, 11.65, 0.11961
6.4566, 50.2, 11.65, 0.11894
6.4567, 50.25, 11.65, 0.11763
6.5067, 51.3, 11.7, 0.14536
6.5068, 51.25, 11.7, 0.14462
6.5077, 51.2, 11.7, 0.14247
6.5085, 51.15, 11.7, 0.14127
6.5104, 51, 11.7, 0.13764
6.5115, 50.9, 11.7, 0.13476
6.5117, 50.85, 11.7, 0.13449
6.5126, 50.75, 11.7, 0.13206
6.5132, 50.7, 11.7, 0.12992
6.5134, 50.65, 11.7, 0.12962
6.514, 50.6, 11.7, 0.12746
6.5142, 50.5, 11.7, 0.12642
6.5145, 49.9, 11.7, 0.12531
6.5147, 50.45, 11.7, 0.12377
6.5148, 50.35, 11.7, 0.12226
6.515, 50.05, 11.7, 0.12101
6.5151, 50.15, 11.7, 0.11812
6.5652, 50.25, 11.7, 0.11885
6.5653, 51.2, 11.75, 0.14501
6.5658, 51.15, 11.75, 0.1438
6.5667, 51.1, 11.75, 0.14305
6.567, 51.05, 11.75, 0.14138
6.5679, 51, 11.75, 0.13971
6.5687, 50.95, 11.75, 0.13897
6.5697, 50.85, 11.75, 0.13653
6.57, 50.8, 11.75, 0.13485
6.5707, 50.75, 11.75, 0.13411
6.5716, 50.65, 11.75, 0.13166
6.5718, 50.6, 11.75, 0.12998
6.5724, 50.55, 11.75, 0.12923
6.5727, 50.45, 11.75, 0.12627
6.5732, 49.8, 11.75, 0.12536
6.5733, 50.35, 11.75, 0.1243
6.5734, 50.25, 11.75, 0.12088
6.5737, 50, 11.75, 0.11957
6.5738, 50.1, 11.75, 0.11762
6.6239, 51.15, 11.8, 0.14546
6.624, 51.1, 11.8, 0.14424
6.6245, 51.05, 11.8, 0.14349
6.6253, 51, 11.8, 0.14181
6.6262, 50.95, 11.8, 0.14059
6.6266, 50.9, 11.8, 0.13984
6.6274, 50.85, 11.8, 0.1377
6.6277, 50.8, 11.8, 0.13694
6.6284, 50.75, 11.8, 0.13526
6.6287, 50.7, 11.8, 0.1345
6.6294, 50.65, 11.8, 0.13282
6.6297, 50.6, 11.8, 0.13252
6.6304, 50.55, 11.8, 0.13083
6.6305, 50.5, 11.8, 0.1296
6.6307, 50.45, 11.8, 0.12883
6.6313, 50.4, 11.8, 0.12666
6.6315, 50.35, 11.8, 0.12543
6.6316, 50.25, 11.8, 0.12388
6.6318, 49.8, 11.8, 0.12305
6.632, 49.85, 11.8, 0.12158
6.6321, 49.95, 11.8, 0.1187
6.6322, 50, 11.8, 0.11721
6.6822, 51.05, 11.85, 0.14559
6.6824, 51, 11.85, 0.1439
6.6833, 50.95, 11.85, 0.14223
6.6846, 50.85, 11.85, 0.1398
6.6854, 50.8, 11.85, 0.13904
6.6858, 50.75, 11.85, 0.13735
6.6865, 50.7, 11.85, 0.13659
6.6869, 50.65, 11.85, 0.13489
6.6876, 50.6, 11.85, 0.13414
6.6879, 50.55, 11.85, 0.13244
6.6881, 50.5, 11.85, 0.13168
6.6888, 50.45, 11.85, 0.13046
6.689, 50.4, 11.85, 0.12873
6.6892, 50.35, 11.85, 0.12796
6.69, 50.2, 11.85, 0.12331
6.6901, 50.15, 11.85, 0.12301
6.6905, 49.75, 11.85, 0.12219
6.6906, 49.85, 11.85, 0.11881
6.6907, 49.9, 11.85, 0.11734
6.7407, 50.95, 11.9, 0.14478
6.7414, 50.9, 11.9, 0.14263
6.7418, 50.85, 11.9, 0.14188
6.7427, 50.8, 11.9, 0.14067
6.7431, 50.75, 11.9, 0.13991
6.744, 50.7, 11.9, 0.13774
6.7451, 50.6, 11.9, 0.13527
6.7454, 50.55, 11.9, 0.13451
6.7462, 50.5, 11.9, 0.13327
6.7464, 50.45, 11.9, 0.13252
6.7467, 50.4, 11.9, 0.13128
6.7474, 50.35, 11.9, 0.13004
6.7476, 50.3, 11.9, 0.12833
6.7478, 50.25, 11.9, 0.12709
6.7484, 49.55, 11.9, 0.12523
6.7485, 50.15, 11.9, 0.12458
6.7486, 50.1, 11.9, 0.12335
6.7487, 50.05, 11.9, 0.12211
6.7488, 50, 11.9, 0.12084
6.7489, 49.85, 11.9, 0.11707
6.7989, 49.8, 11.9, 0.11794
6.7994, 50.85, 11.95, 0.14353
6.7996, 50.8, 11.95, 0.14324
6.8005, 50.75, 11.95, 0.14108
6.801, 50.7, 11.95, 0.14078
6.8018, 50.65, 11.95, 0.1386
6.8022, 50.6, 11.95, 0.13831
6.803, 50.55, 11.95, 0.13614
6.8034, 50.5, 11.95, 0.13586
6.8042, 50.45, 11.95, 0.13369
6.8045, 50.4, 11.95, 0.13245
6.8047, 50.35, 11.95, 0.13215
6.8054, 50.3, 11.95, 0.1295
6.8057, 50.25, 11.95, 0.12872
6.8059, 50.2, 11.95, 0.1284
6.8061, 50.15, 11.95, 0.1267
6.8067, 50.1, 11.95, 0.1245
6.8068, 50.05, 11.95, 0.12371
6.807, 50, 11.95, 0.12199
6.8071, 49.9, 11.95, 0.12042
6.8072, 49.75, 11.95, 0.11714
6.8572, 50.8, 12, 0.14479
6.8575, 50.75, 12, 0.14357
6.8585, 50.7, 12, 0.14233
6.8589, 50.65, 12, 0.14111
6.8598, 50.6, 12, 0.13987
6.8602, 50.55, 12, 0.13863
6.8611, 50.5, 12, 0.1374
6.8615, 50.45, 12, 0.13568
6.8618, 50.4, 12, 0.13445
6.8626, 50.35, 12, 0.13368
6.8629, 50.3, 12, 0.13197
6.8632, 50.25, 12, 0.13118
6.8639, 50.2, 12, 0.12945
6.8641, 50.15, 12, 0.12869
6.8643, 50.1, 12, 0.12697
6.8645, 50.05, 12, 0.1257
6.8647, 50, 12, 0.12446
6.8651, 49.45, 12, 0.12356
6.8653, 49.95, 12, 0.12321
6.8654, 49.9, 12, 0.12242
6.8655, 49.85, 12, 0.12117
6.8656, 49.8, 12, 0.11942
6.8657, 49.7, 12, 0.11689
6.9157, 50.7, 12.05, 0.14393
6.9161, 50.65, 12.05, 0.14269
6.9165, 50.6, 12.05, 0.14146
6.9175, 50.55, 12.05, 0.14021
6.9179, 50.5, 12.05, 0.13899
6.9188, 50.45, 12.05, 0.13774
6.9192, 50.4, 12.05, 0.13649
6.92, 50.35, 12.05, 0.13478
6.9204, 50.3, 12.05, 0.134
6.9207, 50.25, 12.05, 0.13323
6.921, 50.2, 12.05, 0.13151
6.9218, 50.15, 12.05, 0.12977
6.922, 50.1, 12.05, 0.129
6.9222, 50.05, 12.05, 0.12823
6.9225, 50, 12.05, 0.12649
6.9227, 49.95, 12.05, 0.12523
6.9232, 49.35, 12.05, 0.1242
6.9233, 49.4, 12.05, 0.12225
6.9235, 49.85, 12.05, 0.12224
6.9236, 49.8, 12.05, 0.12145
6.9237, 49.75, 12.05, 0.11969
6.9238, 49.65, 12.05, 0.11715
6.9239, 49.6, 12.05, 0.1159
6.9739, 50.6, 12.1, 0.1435
6.9743, 50.55, 12.1, 0.14178
6.9752, 50.5, 12.1, 0.14102
6.9757, 50.45, 12.1, 0.1393
6.9766, 50.4, 12.1, 0.13853
6.977, 50.35, 12.1, 0.13681
6.9774, 50.3, 12.1, 0.13558
6.9783, 50.25, 12.1, 0.13526
6.9786, 50.2, 12.1, 0.13353
6.979, 50.15, 12.1, 0.1318
6.9793, 50.1, 12.1, 0.13103
6.98, 50.05, 12.1, 0.1293
6.9803, 50, 12.1, 0.1285
6.9805, 49.95, 12.1, 0.12726
6.9809, 49.85, 12.1, 0.12424
6.9811, 49.8, 12.1, 0.1225
6.9813, 49.75, 12.1, 0.12218
6.9814, 49.7, 12.1, 0.12043
6.9815, 49.65, 12.1, 0.11965
6.9816, 49.6, 12.1, 0.11789
6.9817, 49.5, 12.1, 0.117
7.0317, 50.55, 12.15, 0.14431
7.0322, 50.5, 12.15, 0.14258
7.0327, 50.45, 12.15, 0.14134
7.0336, 50.4, 12.15, 0.13961
7.0341, 50.35, 12.15, 0.13885
7.0345, 50.3, 12.15, 0.1376
7.0354, 50.25, 12.15, 0.13633
7.0358, 50.2, 12.15, 0.13556
7.0362, 50.15, 12.15, 0.13383
7.037, 50.1, 12.15, 0.13257
7.0374, 50.05, 12.15, 0.13131
7.0377, 50, 12.15, 0.13004
7.038, 49.95, 12.15, 0.1288
7.0382, 49.9, 12.15, 0.128
7.0385, 49.85, 12.15, 0.12625
7.0387, 49.8, 12.15, 0.12499
7.0394, 49.75, 12.15, 0.12372
7.0396, 49.7, 12.15, 0.12246
7.0397, 49.3, 12.15, 0.12011
7.0398, 49.6, 12.15, 0.1199
7.04, 49.5, 12.15, 0.11735
7.0901, 50.45, 12.2, 0.14246
7.0912, 50.35, 12.2, 0.14041
7.0917, 50.3, 12.2, 0.13917
7.0921, 50.25, 12.2, 0.13889
7.0931, 50.2, 12.2, 0.13619
7.0935, 50.15, 12.2, 0.13494
7.0943, 50.05, 12.2, 0.13385
7.0951, 50, 12.2, 0.13114
7.0955, 49.95, 12.2, 0.13034
7.0961, 49.85, 12.2, 0.12736
7.0966, 49.75, 12.2, 0.12576
7.0968, 49.7, 12.2, 0.12495
7.097, 49.65, 12.2, 0.12322
7.0972, 49.6, 12.2, 0.12244
7.0973, 49.2, 12.2, 0.12181
7.0975, 49.5, 12.2, 0.11986
7.0976, 49.45, 12.2, 0.1181
7.0977, 49.4, 12.2, 0.11682
7.0978, 49.35, 12.2, 0.11591
7.1478, 50.35, 12.25, 0.14193
7.1484, 50.3, 12.25, 0.14115
7.1494, 50.25, 12.25, 0.14037
7.1499, 50.2, 12.25, 0.13864
7.1504, 50.15, 12.25, 0.13738
7.1513, 50.1, 12.25, 0.13563
7.1517, 50.05, 12.25, 0.13533
7.1521, 50, 12.25, 0.13359
7.1525, 49.95, 12.25, 0.13233
7.1529, 49.9, 12.25, 0.13104
7.1532, 49.85, 12.25, 0.12979
7.154, 49.8, 12.25, 0.12851
7.1543, 49.75, 12.25, 0.12771
7.1544, 48.9, 12.25, 0.12744
7.1546, 49.7, 12.25, 0.12596
7.1548, 49.65, 12.25, 0.12516
7.1551, 49.1, 12.25, 0.12195
7.1554, 49.35, 12.25, 0.1165
7.1555, 49.3, 12.25, 0.1157
7.2055, 49.25, 12.25, 0.11701
7.2056, 49.4, 12.25, 0.11828
7.2058, 50.3, 12.3, 0.14315
7.2062, 50.25, 12.3, 0.14141
7.2067, 50.2, 12.3, 0.14017
7.2072, 50.15, 12.3, 0.13939
7.2077, 50.1, 12.3, 0.13812
7.2087, 50.05, 12.3, 0.13637
7.2092, 50, 12.3, 0.13511
7.2096, 49.95, 12.3, 0.13479
7.21, 49.9, 12.3, 0.13304
7.2104, 49.85, 12.3, 0.13178
7.2112, 49.8, 12.3, 0.13001
7.2116, 49.75, 12.3, 0.12875
7.2119, 48.8, 12.3, 0.12863
7.2122, 49.65, 12.3, 0.12619
7.2125, 48.9, 12.3, 0.12565
7.2127, 49.55, 12.3, 0.12362
7.213, 49.35, 12.3, 0.11896
7.2132, 49.3, 12.3, 0.11766
7.2133, 49.25, 12.3, 0.11589
7.2633, 49.2, 12.3, 0.1167
7.2634, 49.15, 12.3, 0.1172
7.2635, 50.2, 12.35, 0.14263
7.2642, 50.15, 12.35, 0.1409
7.2647, 50.1, 12.35, 0.13963
7.2658, 50, 12.35, 0.13757
7.2667, 49.95, 12.35, 0.13582
7.2672, 49.9, 12.35, 0.13456
7.2676, 49.85, 12.35, 0.13376
7.268, 49.8, 12.35, 0.13152
7.2684, 49.75, 12.35, 0.13072
7.2688, 49.7, 12.35, 0.12897
7.2691, 49.65, 12.35, 0.12818
7.2695, 49.6, 12.35, 0.12687
7.2698, 49.55, 12.35, 0.12561
7.27, 49.5, 12.35, 0.1243
7.2703, 49.45, 12.35, 0.12302
7.2705, 49.4, 12.35, 0.12125
7.2707, 49.35, 12.35, 0.12043
7.2709, 49.15, 12.35, 0.1154
7.3209, 49.1, 12.35, 0.11641
7.321, 49.2, 12.35, 0.11654
7.3212, 50.15, 12.4, 0.14288
7.3213, 50.1, 12.4, 0.14114
7.3219, 50.05, 12.4, 0.13988
7.3229, 50, 12.4, 0.13907
7.3234, 49.95, 12.4, 0.13781
7.3239, 49.9, 12.4, 0.13606
7.3244, 49.85, 12.4, 0.13525
7.3249, 49.8, 12.4, 0.13398
7.3253, 49.75, 12.4, 0.13223
7.3257, 49.7, 12.4, 0.13142
7.3266, 49.65, 12.4, 0.12965
7.327, 49.6, 12.4, 0.12885
7.3273, 49.55, 12.4, 0.12708
7.3276, 49.5, 12.4, 0.12628
7.3277, 49.4, 12.4, 0.12371
7.328, 49.35, 12.4, 0.12239
7.3282, 49.3, 12.4, 0.12063
7.3283, 48.9, 12.4, 0.12059
7.3284, 49.25, 12.4, 0.11981
7.3285, 49.1, 12.4, 0.11542
7.3785, 49.05, 12.4, 0.11562
7.3786, 49.15, 12.4, 0.11721
7.3788, 50.1, 12.45, 0.14221
7.3791, 50, 12.45, 0.1411
7.3801, 49.95, 12.45, 0.13886
7.3812, 49.85, 12.45, 0.13631
7.3817, 49.8, 12.45, 0.13599
7.3822, 49.75, 12.45, 0.13469
7.3827, 49.7, 12.45, 0.13342
7.3831, 49.65, 12.45, 0.13214
7.3835, 49.6, 12.45, 0.13085
7.3839, 49.55, 12.45, 0.12908
7.3843, 49.5, 12.45, 0.12828
7.3847, 49.45, 12.45, 0.12697
7.385, 49.4, 12.45, 0.12569
7.3853, 49.35, 12.45, 0.12439
7.3856, 49.3, 12.45, 0.1226
7.3858, 49.25, 12.45, 0.1218
7.386, 49.1, 12.45, 0.11738
7.3862, 49.05, 12.45, 0.11658
7.3863, 49, 12.45, 0.11438
7.4363, 48.95, 12.45, 0.11635
7.4364, 49.95, 12.5, 0.14078
7.437, 49.9, 12.5, 0.13951
7.4376, 49.85, 12.5, 0.13873
7.4392, 49.75, 12.5, 0.13615
7.4397, 49.7, 12.5, 0.13486
7.4402, 49.65, 12.5, 0.13357
7.4406, 49.6, 12.5, 0.13228
7.4411, 49.55, 12.5, 0.131
7.4415, 49.5, 12.5, 0.12969
7.4419, 49.45, 12.5, 0.12842
7.4423, 49.4, 12.5, 0.1271
7.4426, 49.35, 12.5, 0.12583
7.4427, 48.6, 12.5, 0.12556
7.4429, 49.3, 12.5, 0.12452
7.4431, 49.2, 12.5, 0.12193
7.4433, 49.15, 12.5, 0.12013
7.4435, 49, 12.5, 0.11669
7.4436, 48.95, 12.5, 0.11489
7.4937, 48.9, 12.5, 0.11604
7.4938, 48.85, 12.5, 0.11755
7.4939, 49.9, 12.55, 0.14148
7.4945, 49.85, 12.55, 0.14019
7.4951, 49.8, 12.55, 0.13842
7.4957, 49.75, 12.55, 0.13762
7.4962, 49.7, 12.55, 0.13681
7.4968, 49.65, 12.55, 0.13503
7.4973, 49.6, 12.55, 0.13376
7.4978, 49.55, 12.55, 0.13246
7.4982, 49.5, 12.55, 0.13118
7.4987, 49.45, 12.55, 0.12988
7.4991, 49.4, 12.55, 0.12906
7.4995, 49.35, 12.55, 0.12727
7.4999, 49.3, 12.55, 0.12597
7.5002, 49.25, 12.55, 0.12419
7.5004, 49.15, 12.55, 0.12206
7.5007, 49.1, 12.55, 0.12124
7.5009, 48.8, 12.55, 0.11677
7.5011, 48.9, 12.55, 0.11549
7.5511, 48.85, 12.55, 0.11576
7.5513, 49.8, 12.6, 0.14038
7.5522, 49.75, 12.6, 0.13909
7.5528, 49.7, 12.6, 0.13779
7.5534, 49.65, 12.6, 0.13651
7.5539, 49.6, 12.6, 0.1357
7.5545, 49.55, 12.6, 0.13392
7.555, 49.5, 12.6, 0.13311
7.5555, 49.45, 12.6, 0.13133
7.556, 49.4, 12.6, 0.13002
7.5564, 49.35, 12.6, 0.12873
7.5567, 49.25, 12.6, 0.12661
7.5571, 49.2, 12.6, 0.12481
7.5575, 49.15, 12.6, 0.12398
7.5578, 49.1, 12.6, 0.12218
7.5579, 49, 12.6, 0.11956
7.5582, 48.7, 12.6, 0.11751
7.5584, 48.8, 12.6, 0.11526
7.6084, 48.85, 12.6, 0.11559
7.6087, 49.75, 12.65, 0.14054
7.6089, 49.7, 12.65, 0.13927
7.6096, 49.65, 12.65, 0.13796
7.6102, 49.6, 12.65, 0.13668
7.6108, 49.55, 12.65, 0.13587
7.6113, 49.5, 12.65, 0.13407
7.6119, 49.45, 12.65, 0.13326
7.6124, 49.4, 12.65, 0.13147
7.6129, 49.35, 12.65, 0.13016
7.6133, 49.3, 12.65, 0.12934
7.6138, 49.25, 12.65, 0.12804
7.6142, 49.2, 12.65, 0.12672
7.6145, 49.1, 12.65, 0.12411
7.6149, 49.05, 12.65, 0.12229
7.6152, 49, 12.65, 0.12197
7.6153, 48.5, 12.65, 0.12131
7.6154, 48.65, 12.65, 0.11726
7.6155, 48.75, 12.65, 0.11437
7.6655, 48.7, 12.65, 0.11574
7.6657, 48.8, 12.65, 0.11618
7.6658, 49.65, 12.7, 0.14042
7.6664, 49.6, 12.7, 0.13862
7.6677, 49.5, 12.7, 0.13603
7.6683, 49.45, 12.7, 0.13523
7.6688, 49.4, 12.7, 0.13342
7.6694, 49.35, 12.7, 0.13261
7.6699, 49.3, 12.7, 0.13128
7.6704, 49.25, 12.7, 0.12949
7.6708, 49.2, 12.7, 0.12869
7.6713, 49.15, 12.7, 0.12639
7.6716, 49.05, 12.7, 0.12475
7.6717, 49.1, 12.7, 0.12458
7.672, 49, 12.7, 0.12342
7.6723, 48.4, 12.7, 0.12212
7.6724, 48.95, 12.7, 0.12209
7.6725, 48.85, 12.7, 0.11898
7.6727, 48.6, 12.7, 0.11604
7.6728, 48.7, 12.7, 0.11547
7.673, 48.65, 12.7, 0.11353
7.7231, 49.6, 12.75, 0.14052
7.7234, 49.55, 12.75, 0.13971
7.724, 49.5, 12.75, 0.1384
7.7247, 49.45, 12.75, 0.13711
7.7253, 49.4, 12.75, 0.13579
7.7259, 49.35, 12.75, 0.13352
7.727, 49.25, 12.75, 0.13091
7.7275, 49.15, 12.75, 0.12876
7.728, 49.1, 12.75, 0.12743
7.7284, 49.05, 12.75, 0.12613
7.7289, 49, 12.75, 0.12481
7.7291, 48.9, 12.75, 0.12215
7.7293, 48.35, 12.75, 0.12185
7.7295, 48.85, 12.75, 0.12034
7.7297, 48.65, 12.75, 0.11552
7.73, 48.6, 12.75, 0.11418
7.78, 48.55, 12.75, 0.11526
7.7802, 49.6, 12.8, 0.14196
7.7805, 49.5, 12.8, 0.13985
7.7811, 49.45, 12.8, 0.13852
7.7818, 49.4, 12.8, 0.13675
7.7819, 49.35, 12.8, 0.13591
7.7825, 49.3, 12.8, 0.13363
7.7831, 49.25, 12.8, 0.13282
7.7837, 49.2, 12.8, 0.13149
7.7842, 49.15, 12.8, 0.13016
7.7848, 49.1, 12.8, 0.12935
7.7852, 49, 12.8, 0.1262
7.7857, 48.95, 12.8, 0.12439
7.786, 48.85, 12.8, 0.12273
7.7864, 48.8, 12.8, 0.1209
7.7865, 48.3, 12.8, 0.12063
7.7866, 48.7, 12.8, 0.11823
7.7867, 48.6, 12.8, 0.11558
7.787, 48.55, 12.8, 0.11373
7.837, 48.5, 12.8, 0.11551
7.8372, 49.45, 12.85, 0.13899
7.8378, 49.4, 12.85, 0.13817
7.8385, 49.35, 12.85, 0.13733
7.8387, 49.3, 12.85, 0.13553
7.8393, 49.25, 12.85, 0.1347
7.8399, 49.2, 12.85, 0.13338
7.8405, 49.15, 12.85, 0.13208
7.8411, 49.1, 12.85, 0.13075
7.8416, 49, 12.85, 0.12761
7.8421, 48.95, 12.85, 0.12679
7.8426, 48.9, 12.85, 0.12545
7.843, 48.8, 12.85, 0.12278
7.8433, 48.7, 12.85, 0.11963
7.8435, 48.3, 12.85, 0.11887
7.8436, 48.65, 12.85, 0.11828
7.8438, 48.45, 12.85, 0.11478
7.8441, 48.5, 12.85, 0.11427
7.8941, 49.35, 12.9, 0.13875
7.8948, 49.3, 12.9, 0.13744
7.8955, 49.25, 12.9, 0.1366
7.8962, 49.2, 12.9, 0.1348
7.8968, 49.15, 12.9, 0.133
7.8974, 49.1, 12.9, 0.13215
7.8975, 49.05, 12.9, 0.13082
7.8981, 49, 12.9, 0.12999
7.8986, 48.95, 12.9, 0.12768
7.8991, 48.85, 12.9, 0.12551
7.8996, 48.8, 12.9, 0.12418
7.9, 48.7, 12.9, 0.122
7.9002, 48.15, 12.9, 0.1212
7.9003, 48.6, 12.9, 0.11881
7.9005, 48.5, 12.9, 0.11613
7.9008, 48.45, 12.9, 0.11478
7.9508, 49.35, 12.95, 0.13968
7.951, 49.3, 12.95, 0.13887
7.9517, 49.25, 12.95, 0.13754
7.952, 49.2, 12.95, 0.13721
7.9526, 49.15, 12.95, 0.13488
7.9533, 49.1, 12.95, 0.13356
7.9539, 49.05, 12.95, 0.13226
7.9545, 49, 12.95, 0.13091
7.9546, 48.95, 12.95, 0.13057
7.9552, 48.9, 12.95, 0.12825
7.9558, 48.8, 12.95, 0.12658
7.9563, 48.75, 12.95, 0.12427
7.9567, 48.65, 12.95, 0.12157
7.957, 48.55, 12.95, 0.11988
7.9573, 48.45, 12.95, 0.11718
7.9574, 48.25, 12.95, 0.1159
7.9576, 48.4, 12.95, 0.11484
8.0076, 48.2, 12.95, 0.11747
8.0077, 49.25, 13, 0.13891
8.0083, 49.2, 13, 0.13808
8.0085, 49.15, 13, 0.13675
8.0092, 49.1, 13, 0.13541
8.0099, 49.05, 13, 0.13411
8.0105, 49, 13, 0.13277
8.0112, 48.95, 13, 0.13143
8.0113, 48.9, 13, 0.1301
8.0119, 48.85, 13, 0.12877
8.0124, 48.8, 13, 0.12744
8.0125, 48.75, 13, 0.12609
8.013, 48.65, 13, 0.12341
8.0135, 47.95, 13, 0.12338
8.0138, 48.5, 13, 0.11936
8.0139, 48.1, 13, 0.11877
8.0141, 48.4, 13, 0.11667
8.0143, 48.3, 13, 0.11395
8.0643, 48.35, 13, 0.11531
8.0645, 49.15, 13.05, 0.13862
8.0651, 49.1, 13.05, 0.13731
8.0658, 49.05, 13.05, 0.1355
8.0666, 49, 13.05, 0.13415
8.0667, 48.95, 13.05, 0.13282
8.0674, 48.9, 13.05, 0.13196
8.068, 48.85, 13.05, 0.13012
8.0681, 48.8, 13.05, 0.12882
8.0687, 48.75, 13.05, 0.12796
8.0693, 48.65, 13.05, 0.12527
8.0698, 48.55, 13.05, 0.12208
8.0703, 48.45, 13.05, 0.11937
8.0706, 48.35, 13.05, 0.11666
8.0708, 48.25, 13.05, 0.11446
8.0711, 48.2, 13.05, 0.11308
8.1212, 49.1, 13.1, 0.13868
8.1214, 49.05, 13.1, 0.13735
8.1221, 49, 13.1, 0.13551
8.1228, 48.95, 13.1, 0.13469
8.1235, 48.9, 13.1, 0.13335
8.1237, 48.85, 13.1, 0.132
8.1244, 48.8, 13.1, 0.13064
8.125, 48.75, 13.1, 0.12931
8.1251, 48.7, 13.1, 0.12795
8.1257, 48.65, 13.1, 0.12712
8.1258, 48.6, 13.1, 0.12578
8.1262, 47.75, 13.1, 0.12563
8.1263, 48.55, 13.1, 0.12442
8.1265, 47.8, 13.1, 0.12358
8.1268, 48.4, 13.1, 0.12036
8.1271, 48.3, 13.1, 0.11714
8.1273, 48.15, 13.1, 0.11323
8.1773, 48.2, 13.1, 0.11392
8.1774, 48.1, 13.1, 0.11477
8.1776, 49.05, 13.15, 0.13871
8.1777, 49, 13.15, 0.1374
8.1784, 48.95, 13.15, 0.13604
8.1792, 48.9, 13.15, 0.13469
8.1799, 48.85, 13.15, 0.13385
8.1801, 48.8, 13.15, 0.132
8.1808, 48.75, 13.15, 0.13068
8.1814, 48.7, 13.15, 0.12933
8.1816, 48.65, 13.15, 0.12798
8.1822, 48.6, 13.15, 0.12713
8.1823, 48.55, 13.15, 0.12528
8.1828, 48.5, 13.15, 0.12393
8.1829, 48.45, 13.15, 0.12256
8.1832, 47.8, 13.15, 0.12185
8.1834, 48.35, 13.15, 0.11986
8.1837, 48.2, 13.15, 0.11575
8.1838, 48.05, 13.15, 0.11408
8.184, 48.1, 13.15, 0.11302
8.234, 48.15, 13.15, 0.11489
8.2341, 48.95, 13.2, 0.13792
8.2349, 48.9, 13.2, 0.1356
8.2356, 48.85, 13.2, 0.13424
8.2359, 48.8, 13.2, 0.13388
8.2366, 48.75, 13.2, 0.13156
8.2368, 48.7, 13.2, 0.13119
8.2375, 48.65, 13.2, 0.12984
8.2381, 48.6, 13.2, 0.1275
8.2383, 48.55, 13.2, 0.12714
8.2388, 47.55, 13.2, 0.12693
8.2389, 48.45, 13.2, 0.12444
8.2395, 48.35, 13.2, 0.1217
8.2396, 48.3, 13.2, 0.12084
8.2398, 47.8, 13.2, 0.12015
8.24, 48.2, 13.2, 0.1176
8.2403, 48.05, 13.2, 0.1135
8.2406, 48, 13.2, 0.11239
8.2906, 48.9, 13.25, 0.13792
8.2909, 48.85, 13.25, 0.13607
8.2917, 48.8, 13.25, 0.13522
8.2919, 48.75, 13.25, 0.13387
8.2924, 61.4, 14.6, 0.08232
8.3336, 61.4, 14.65, 0.08228
8.3556, 61.5, 14.7, 0.08132
8.4056, 61.5, 14.75, 0.08164
8.4413, 61.05, 14.7, 0
8.4913, 60.95, 14.7, 0
8.5101, 60.9, 14.7, 0
8.5194, 61.1, 14.75, 0.0829
8.5234, 60.65, 14.65, 0.08398
8.5238, 45.25, 13.45, 0.09426
8.5245, 42.4, 13.6, 0.12174
